city,lat,lng,population,city_clean
Tokyo,35.685,139.7514,37785000,Tokyo
Ōsaka,34.6938,135.5021,15126000,Osaka
Nagoya,35.1814,136.9064,9197000,Nagoya
Yokohama,35.4333,139.65,3757630,Yokohama
Fukuoka,33.5901,130.4017,2286000,Fukuoka
Sapporo,43.0619,141.3544,1959313,Sapporo
Kawasaki,35.5308,139.703,1538262,Kawasaki
Kōbe,34.6902,135.1954,1521707,Kobe
Kyōto,35.0111,135.7669,1431419,Kyoto
Saitama,35.8614,139.6456,1325843,Saitama
Iwatsuki,35.9508,139.6994,1324854,Iwatsuki
Hiroshima,34.3914,132.4519,1198021,Hiroshima
Sendai,38.2682,140.8694,1061177,Sendai
Chiba,35.6073,140.1064,975014,Chiba
Setagaya,35.6465,139.6532,940071,Setagaya
Kitakyūshū,33.8834,130.8752,935084,Kitakyushu
Sakai,34.5733,135.483,827277,Sakai
Niigata,37.9162,139.0364,790646,Niigata
Hamamatsu,34.7109,137.7262,788211,Hamamatsu
Nerima,35.7551,139.6585,749451,Nerima
Kumamoto,32.803,130.7079,738385,Kumamoto
Ōta-ku,35.5613,139.716,737187,Ota-ku
Sagamihara,35.5714,139.3731,725696,Sagamihara
Okayama,34.6551,133.9196,720043,Okayama
Edogawa,35.7066,139.8683,697932,Edogawa
Shizuoka,34.9756,138.3825,685589,Shizuoka
Adachi,35.7749,139.8044,682326,Adachi
Honchō,35.6947,139.9826,644668,Honcho
Kawaguchi,35.8042,139.7197,595011,Kawaguchi
Kagoshima,31.5968,130.5571,593754,Kagoshima
Itabashi,35.7512,139.7092,584483,Itabashi
Suginami-ku,35.6995,139.6364,583609,Suginami-ku
Hachiōji,35.6664,139.316,575721,Hachioji
Himeji,34.8152,134.6854,527596,Himeji
Kōtō-ku,35.6728,139.8173,523419,Koto-ku
Utsunomiya,36.5551,139.8826,518197,Utsunomiya
Matsuyama,33.8392,132.7656,506743,Matsuyama
Matsudo,35.7876,139.9032,497514,Matsudo
Ichikawa,35.7284,139.9085,492749,Ichikawa
Higashi-ōsaka,34.6794,135.6009,490819,Higashi-osaka
Nishinomiya-hama,34.7376,135.3417,487010,Nishinomiya-hama
Kawachichō,34.6964,135.601,486464,Kawachicho
Kurashiki,34.5851,133.7721,474862,Kurashiki
Ōita,33.1883,131.5783,474804,Oita
Kanazawa,36.5611,136.6565,462479,Kanazawa
Fukuyama,34.4859,133.3623,459576,Fukuyama
Amagasaki,34.7338,135.4063,455555,Amagasaki
Katsushika-ku,35.7434,139.8472,451772,Katsushika-ku
Fujisawa,35.3487,139.4837,439728,Fujisawa
Machida,35.5467,139.4386,434414,Machida
Kashiwa,35.8676,139.9758,427603,Kashiwa
Aomori,40.8228,140.7469,425962,Aomori
Toyota,35.0824,137.1563,422106,Toyota
Takamatsu,34.3428,134.0466,417814,Takamatsu
Shinagawa-ku,35.6092,139.7302,415729,Shinagawa-ku
Toyama,36.6959,137.2137,413028,Toyama
Nagasaki,32.7495,129.8796,404656,Nagasaki
Gifu,35.4263,136.7594,400118,Gifu
Toyonaka,34.7815,135.4696,399263,Toyonaka
Miyazaki,31.9077,131.4202,397476,Miyazaki
Hirakata,34.8144,135.6506,396694,Hirakata
Yokosuka,35.2813,139.6721,390275,Yokosuka
Okazaki,34.9547,137.173,385376,Okazaki
Minamisuita,34.7594,135.5168,381238,Minamisuita
Ichinomiya,35.3039,136.8031,378108,Ichinomiya
Takasaki,36.3231,139.0024,372639,Takasaki
Toyohashi,34.7692,137.3915,371507,Toyohashi
Nagano,36.6487,138.1947,367184,Nagano
Kawagoe,35.9251,139.4858,354598,Kawagoe
Wakayama,34.2304,135.1707,353299,Wakayama
Kita-ku,35.7528,139.7336,353058,Kita-ku
Nara,34.685,135.8048,352377,Nara
Shinjuku,35.6939,139.7034,349385,Shinjuku
Takatsuki,34.846,135.6173,347496,Takatsuki
Nakano,35.7058,139.6664,344880,Nakano
Ōtsu,35.0178,135.8548,342607,Otsu
Koshigaya,35.8911,139.7909,341784,Koshigaya
Tokorozawa,35.7994,139.4689,341289,Tokorozawa
Iwaki,37.0505,140.8877,336111,Iwaki
Maebashi,36.3895,139.0634,331849,Maebashi
Asahikawa,43.7706,142.365,331392,Asahikawa
Koriyama,37.4003,140.3597,327040,Koriyama
Kōchi,33.5588,133.5312,325535,Kochi
Naha,26.2122,127.6792,316048,Naha
Yokkaichi,34.965,136.6244,310263,Yokkaichi
Kasugai,35.2475,136.9722,306449,Kasugai
Akita,39.7199,140.1026,302984,Akita
Kurume,33.3036,130.5656,302858,Kurume
Ōakashichō,34.6431,134.9972,299699,Oakashicho
Toshima,35.7261,139.7167,297954,Toshima
Morioka,39.7455,141.2691,290553,Morioka
Sumida,35.7342,139.8185,287766,Sumida
Fukushima,37.7608,140.4747,284282,Fukushima
Ibaraki,34.8164,135.5686,283835,Ibaraki
Meguro,35.6414,139.6981,282607,Meguro
Tsu,34.7184,136.5058,273267,Tsu
Mito,36.3658,140.4712,270823,Mito
Ichihara,35.4981,140.1154,268038,Ichihara
Nagaoka,37.4453,138.8567,265868,Nagaoka
Yao,34.6269,135.6009,263436,Yao
Fukui,36.0641,136.2196,261474,Fukui
Fuchū,35.6689,139.4777,260508,Fuchu
Minato,35.658,139.7515,260486,Minato
Hiratsuka,35.3355,139.3494,257662,Hiratsuka
Kakogawachō-honmachi,34.7659,134.8369,255523,Kakogawacho-honmachi
Tokushima,34.0703,134.5549,254510,Tokushima
Shinozaki,33.9579,130.9413,252844,Shinozaki
Hakodate,41.7687,140.7289,251891,Hakodate
Sōka,35.8254,139.8053,251390,Soka
Yamagata,38.2554,140.3396,247234,Yamagata
Tsukuba-kenkyūgakuen-toshi,36.0835,140.0764,246647,Tsukuba-kenkyugakuen-toshi
Fuji,35.1613,138.6763,243739,Fuji
Sasebo,33.18,129.715,242664,Sasebo
Chigasaki,35.3339,139.4047,242347,Chigasaki
Bunkyō-ku,35.708,139.7523,240069,Bunkyo-ku
Yato,35.4875,139.458,239146,Yato
Matsumoto,36.238,137.972,239115,Matsumoto
Chōfugaoka,35.6506,139.5407,238087,Chofugaoka
Shibuya-ku,35.6637,139.6977,235193,Shibuya-ku
Saga,33.2635,130.3008,232359,Saga
Yoshiichō-shimobaru,33.2687,129.6869,230873,Yoshiicho-shimobaru
Kasukabe,35.9753,139.7523,228975,Kasukabe
Neya,34.7661,135.6281,227997,Neya
Ageoshimo,35.9774,139.5932,226616,Ageoshimo
Ōta,36.2172,139.3513,224358,Ota
Atsugichō,35.4431,139.3625,223815,Atsugicho
Hachinohe,40.5123,141.4884,222799,Hachinohe
Takarazuka,34.7998,135.3601,221846,Takarazuka
Arakawa,35.7361,139.7834,217891,Arakawa
Isesaki,36.3209,139.1982,213303,Isesaki
Kure,34.2492,132.5657,212159,Kure
Taitō,35.7126,139.78,212038,Taito
Nagareyama,35.8556,139.8986,211620,Nagareyama
Nishitōkyō,35.7256,139.5383,207436,Nishitokyo
Matsue,35.4681,133.0485,201802,Matsue
Yachiyo,35.7224,140.0999,200538,Yachiyo
Higashi-Hiroshima,34.4264,132.7433,197347,Higashi-Hiroshima
Itami,34.7829,135.4162,197215,Itami
Kodaira,35.7285,139.4774,196959,Kodaira
Suzuka,34.882,136.5842,195250,Suzuka
Kamirenjaku,35.6836,139.5595,194460,Kamirenjaku
Kumagaya,36.1474,139.3886,193190,Kumagaya
Yamaguchi,34.1782,131.4735,191470,Yamaguchi
Hino,35.6713,139.3951,190598,Hino
Odawara,35.2646,139.1522,189038,Odawara
Anjōmachi,34.9587,137.0803,188801,Anjomachi
Kishiwada,34.4605,135.3709,188015,Kishiwada
Numazu,35.0956,138.8634,187653,Numazu
Tottori,35.4944,134.2216,187323,Tottori
Jōetsu,37.1479,138.2361,187291,Joetsu
Kōfu,35.6621,138.5682,187144,Kofu
Izuo,34.4832,135.4232,184299,Izuo
Toyokawa,34.8241,137.3944,183930,Toyokawa
Tachikawa,35.7139,139.4079,181115,Tachikawa
Uji,34.8844,135.7998,179626,Uji
Narashino,35.6813,140.0266,174990,Narashino
Sakura,35.7192,140.2296,173740,Sakura
Kamakurayama,35.3192,139.5472,172929,Kamakurayama
Hitachi,36.5991,140.6515,172709,Hitachi
Izumo,35.367,132.7547,171995,Izumo
Tomakomai,42.6341,141.6055,170223,Tomakomai
Urayasu,35.6531,139.902,169749,Urayasu
Chūō-ku,35.6706,139.772,169179,Chuo-ku
Nishio,34.8618,137.0618,168992,Nishio
Hirosaki,40.6031,140.4638,167803,Hirosaki
Oyama,36.3145,139.8001,167647,Oyama
Niiza,35.7935,139.5653,165997,Niiza
Takaoka,36.7541,137.0257,165880,Takaoka
Kushiro,42.9849,144.3817,165699,Kushiro
Iwata,34.7179,137.8515,165688,Iwata
Obihiro,42.924,143.1961,165684,Obihiro
Hadano,35.3747,139.2201,164292,Hadano
Ube,33.9516,131.2467,162873,Ube
Miyakonojō,31.7195,131.0617,160392,Miyakonojo
Matsuzaka,34.5779,136.5276,158472,Matsuzaka
Ōgaki,35.3647,136.6019,158386,Ogaki
Hitachi-Naka,36.3967,140.5347,155680,Hitachi-Naka
Daiwanishi,34.8892,135.4167,155165,Daiwanishi
Noda,35.9463,139.8589,154114,Noda
Tochigi,36.3824,139.7341,153508,Tochigi
Kariya,34.9893,137.0021,153178,Kariya
Ueda,36.4019,138.2491,152948,Ueda
Imabari,34.0661,132.9977,152111,Imabari
Kawashiri,34.8794,135.4092,152076,Kawashiri
Higashimurayama,35.7546,139.4685,150458,Higashimurayama
Kukichūō,36.0621,139.6668,150197,Kukichuo
Musashino,35.7177,139.5661,148971,Musashino
Sayama,35.853,139.4122,148474,Sayama
Komaki,35.2903,136.911,147897,Komaki
Tama,35.6369,139.4463,147252,Tama
Yonago,35.4282,133.3309,147210,Yonago
Iruma,35.8358,139.3911,145303,Iruma
Asaka,35.7972,139.5939,143915,Asaka
Kakamigahara,35.3988,136.8484,143641,Kakamigahara
Ashikaga,36.3594,139.4531,142882,Ashikaga
Toda,35.8176,139.6779,142352,Toda
Tsuchiura,36.0816,140.2041,142181,Tsuchiura
Okinawa,26.3343,127.8057,142094,Okinawa
Misato,35.8301,139.8723,141913,Misato
Moriguchi,34.7358,135.5617,141849,Moriguchi
Fujita,34.8674,138.2577,140947,Fujita
Fukayachō,36.1975,139.2815,140930,Fukayacho
Kusatsu,35.0131,135.96,139913,Kusatsu
Minō,34.8269,135.4706,139118,Mino
Ishizaki,38.4342,141.3027,138856,Ishizaki
Kuwana,35.0622,136.6837,138798,Kuwana
Koga,36.1782,139.7554,138237,Koga
Shūnan,34.0551,131.8062,137899,Shunan
Minoo,34.8269,135.4704,136976,Minoo
Yaizu,34.8669,138.3233,136028,Yaizu
Kisarazu,35.376,139.9169,136023,Kisarazu
Ebina,35.4464,139.3908,135557,Ebina
Inazawa,35.2481,136.7802,134938,Inazawa
Ōme,35.7902,139.2549,131895,Ome
Isahaya,32.8466,130.0373,131467,Isahaya
Zama,35.4886,139.4076,130753,Zama
Narita,35.7767,140.3183,130689,Narita
Abiko,35.8642,140.0284,130290,Abiko
Onomichi,34.4091,133.2054,130143,Onomichi
Kokubunji,35.7103,139.4632,129619,Kokubunji
Iwakuni,34.1647,132.1845,127512,Iwakuni
Seto,35.224,137.084,127327,Seto
Ōmiyachō,35.2221,138.6216,127252,Omiyacho
Koganei,35.6995,139.503,127226,Koganei
Ōsaki,38.5771,140.9556,127135,Osaki
Iizuka,33.6136,130.6611,126136,Iizuka
Kirishima,31.741,130.7632,123812,Kirishima
Ise,34.4875,136.7093,122432,Ise
Uruma,26.3792,127.8574,122371,Uruma
Kashiwara,34.5094,135.7925,121604,Kashiwara
Tsuruoka,38.7272,139.8267,121371,Tsuruoka
Honmachi,32.5074,130.6019,120389,Honmachi
Ebetsu,43.1037,141.5362,119819,Ebetsu
Daitōchō,34.712,135.6234,118812,Daitocho
Kadoma,34.7391,135.5869,118319,Kadoma
Aizuwakamatsu,37.4948,139.9298,117924,Aizuwakamatsu
Matsubara,34.5779,135.5518,117811,Matsubara
Nobeoka,32.5823,131.6649,117711,Nobeoka
Handa,34.8919,136.9381,117544,Handa
Kōnosu,36.0659,139.5222,116777,Konosu
Ikoma,34.6919,135.7005,116518,Ikoma
Honchō,35.758,139.5299,116477,Honcho
Karatsu,33.4501,129.9683,116052,Karatsu
Nagahama,35.3814,136.2754,116043,Nagahama
Beppu,33.2846,131.4913,115992,Beppu
Urasoe,26.2457,127.7219,115855,Urasoe
Nasushiobara,36.9617,140.0461,115602,Nasushiobara
Kōenchō,43.8031,143.8947,115441,Koencho
Niihama,33.9603,133.2834,114971,Niihama
Hōfu,34.0466,131.5721,114846,Hofu
Sano,36.3144,139.5783,114842,Sano
Hatsukaichi,34.3482,132.3316,114699,Hatsukaichi
Kakegawa,34.7687,137.9984,113954,Kakegawa
Fujimino,35.8795,139.5198,113490,Fujimino
Hikone,35.2744,136.2597,113191,Hikone
Tōkai,35.0231,136.9022,113144,Tokai
Kazo,36.1204,139.6002,112792,Kazo
Ōshū,39.1297,141.0947,112531,Oshu
Higashiōmi,35.1126,136.2075,112459,Higashiomi
Akishima,35.7057,139.3535,112110,Akishima
Fujimi,35.8566,139.5492,111858,Fujimi
Ichinoseki,38.9347,141.1266,111824,Ichinoseki
Kasuga,33.5242,130.4564,111144,Kasuga
Shirayamamachi,36.5144,136.5656,110135,Shirayamamachi
Ōmuta,33.0303,130.446,110054,Omuta
Kamagaya,35.7768,140.0008,109370,Kamagaya
Sandachō,34.89,135.2254,109243,Sandacho
Marugame,34.2894,133.7976,109165,Marugame
Tondabayashichō,34.4996,135.5973,108735,Tondabayashicho
Komatsu,36.4084,136.4456,108509,Komatsu
Habikino,34.5579,135.6063,108370,Habikino
Mineshita,35.1394,138.9489,107416,Mineshita
Tajimi,35.3339,137.1125,106746,Tajimi
Saijō,33.9196,133.1812,106016,Saijo
Kiryū,36.4053,139.3305,105751,Kiryu
Ikeda,34.8217,135.4285,104148,Ikeda
Toride,35.9115,140.0504,103908,Toride
Chikushino,33.4874,130.5258,103185,Chikushino
Inzai,35.8323,140.1457,103084,Inzai
Hōyachō,35.7415,139.5589,102720,Hoyacho
Otaru,43.1907,140.9944,102652,Otaru
Isehara,35.4029,139.315,102088,Isehara
Shibuya,35.6536,139.7092,102056,Shibuya
Ōnojō,33.5131,130.4792,101603,Onojo
Sakado,35.9573,139.403,100829,Sakado
Kawachinagano,34.4581,135.5641,100415,Kawachinagano
Kani,35.4261,137.0613,99545,Kani
Ōmura,32.9006,129.9575,99337,Omura
Izumisano,34.4069,135.3275,99328,Izumisano
Ginowan,26.2815,127.7785,99256,Ginowan
Sakata,38.9149,139.8367,99235,Sakata
Itoshima,33.5573,130.1955,98527,Itoshima
Chikusei,36.3071,139.9831,98384,Chikusei
Kanoya,31.3783,130.8522,98367,Kanoya
Saku,36.2488,138.4769,98292,Saku
Chitose,42.821,141.6509,97945,Chitose
Tsuyama,35.0639,134.0043,97507,Tsuyama
Kōnan,35.3321,136.8707,97435,Konan
Munakata,33.8055,130.5408,97041,Munakata
Iida,35.5148,137.8218,96642,Iida
Kamisu,35.8899,140.6645,95471,Kamisu
Shimada,34.8363,138.1761,95198,Shimada
Kanuma,36.5671,139.7451,94591,Kanuma
Shibata,37.9479,139.3273,94258,Shibata
Ashiya,34.7486,135.2975,94116,Ashiya
Azumino,36.3039,137.9056,93927,Azumino
Sanjō,37.6368,138.9617,93671,Sanjo
Inagi,35.6379,139.5046,93394,Inagi
Yashio,35.8225,139.8392,93283,Yashio
Yotsukaidō,35.6698,140.1679,93233,Yotsukaido
Nisshin,35.132,137.0394,92823,Nisshin
Hanamaki Onsen,39.3886,141.1169,92815,Hanamaki Onsen
Kitakami,39.2867,141.1132,92348,Kitakami
Satsumasendai,31.8135,130.304,91875,Satsumasendai
Higashi-Matsuyama,36.0422,139.3999,91818,Higashi-Matsuyama
Imizuchō,36.7306,137.0756,90201,Imizucho
Mihara,34.3974,133.0787,89972,Mihara
Kōka,34.9028,136.2158,89619,Koka
Mobara,35.4285,140.2881,88330,Mobara
Sakai,36.1669,136.2314,87945,Sakai
Ama,35.2004,136.7832,87668,Ama
Takasagochō-takasemachi,34.7465,134.8021,86888,Takasagocho-takasemachi
Fukuroi,34.7502,137.9247,86851,Fukuroi
Gotenba,35.3087,138.9346,86334,Gotenba
Settsu,34.7773,135.5618,86168,Settsu
Kitanagoya,35.2457,136.866,86060,Kitanagoya
Kameoka,35.0135,135.5735,85962,Kameoka
Iga,34.7499,136.1423,85883,Iga
Sekimachi,35.4958,136.9179,85636,Sekimachi
Takayama,36.146,137.2522,85199,Takayama
Yokotemachi,39.3137,140.5666,84556,Yokotemachi
Ushiku,35.9794,140.1496,84505,Ushiku
Komae,35.6348,139.5787,84437,Komae
Kaizuka,34.4376,135.3585,84356,Kaizuka
Higashiyamato,35.7454,139.4265,84260,Higashiyamato
Ayase,35.4371,139.4261,84257,Ayase
Wakō,35.7812,139.6057,84120,Wako
Kitakōriyamachō,34.6493,135.7827,84007,Kitakoriyamacho
Chita,34.9966,136.8647,83881,Chita
Moriyama,35.0589,135.9942,83567,Moriyama
Nakatsu,33.5983,131.1883,82714,Nakatsu
Owariasahi,35.2165,137.0354,82336,Owariasahi
Shikokuchūō,33.9807,133.5492,82320,Shikokuchuo
Muroran,42.3152,140.974,81580,Muroran
Ōmihachiman,35.1283,136.0981,81545,Omihachiman
Kashiwazaki,37.3649,138.5579,81027,Kashiwazaki
Yonezawa,37.9222,140.1167,80795,Yonezawa
Nagaoka,34.9268,135.6958,80423,Nagaoka
Echizen,35.9035,136.1687,80264,Echizen
Hannō,35.8556,139.3278,80099,Hanno
Gamagōri,34.8264,137.2197,80063,Gamagori
Akiruno,35.7289,139.2941,79600,Akiruno
Iwamizawa,43.1962,141.7759,79361,Iwamizawa
Natori-shi,38.1715,140.8918,79250,Natori-shi
Nakatsugawa,35.4875,137.5006,78930,Nakatsugawa
Maizuru,35.4748,135.386,78730,Maizuru
Mooka,36.4404,140.0134,78665,Mooka
Gyōda,36.1389,139.4556,78488,Gyoda
Kashiba,34.5413,135.699,78346,Kashiba
Kizugawa,34.7371,135.8201,78035,Kizugawa
Aira,31.7282,130.6278,77948,Aira
Honjō,36.2433,139.1906,77900,Honjo
Toyomamachi-teraike,38.6579,141.2764,77897,Toyomamachi-teraike
Katano,34.788,135.68,77401,Katano
Tsubame,37.6669,138.9259,77382,Tsubame
Fukuchiyama,35.2967,135.1266,77150,Fukuchiyama
Nikkō,36.7198,139.6982,77027,Nikko
Nabari,34.6277,136.1083,77022,Nabari
Toyooka,35.5445,134.8202,77005,Toyooka
Shinkai,35.8234,139.5742,76445,Shinkai
Daisen,39.4531,140.4754,76164,Daisen
Ryūgasaki,35.9116,140.1823,76055,Ryugasaki
Kiyose,35.7857,139.5265,75389,Kiyose
Kai,35.6608,138.5158,75337,Kai
Kunitachi,35.6839,139.4414,75133,Kunitachi
Warabi,35.8256,139.6797,74996,Warabi
Amakusa,32.4587,130.193,74861,Amakusa
Sasagawa,37.2869,140.3726,74778,Sasagawa
Tosu,33.3778,130.5061,74673,Tosu
Katori,35.8835,140.5238,74469,Katori
Miki,34.7969,134.9902,74255,Miki
Izumiōtsu,34.5043,135.4104,74175,Izumiotsu
Okegawa,36.0028,139.5585,74115,Okegawa
Tatebayashi,36.2448,139.5421,73991,Tatebayashi
Kyōtanabe,34.8144,135.7677,73985,Kyotanabe
Tatsunochō-tominaga,34.8579,134.5454,73952,Tatsunocho-tominaga
Yurihonjō,39.3859,140.0488,73840,Yurihonjo
Kasama,36.3452,140.3043,73521,Kasama
Inuyama,35.3844,136.9391,73420,Inuyama
Ōtawara,36.8711,140.0155,73189,Otawara
Shibukawa,36.4895,139.0004,73064,Shibukawa
Hekinan,34.8847,136.9934,72480,Hekinan
Dazaifu,33.5129,130.5238,72430,Dazaifu
Yukuhashi,33.7287,130.983,72376,Yukuhashi
Yoshikawa,35.8958,139.8556,72139,Yoshikawa
Chiryū,35.0013,137.0508,71907,Chiryu
Ishioka,36.1908,140.2872,71851,Ishioka
Musashimurayama,35.7548,139.3874,71183,Musashimurayama
Yawata-shimizui,34.8756,135.7076,70373,Yawata-shimizui
Eniwa,42.8826,141.5778,70102,Eniwa
Tsurugashima,35.9358,139.3944,70067,Tsurugashima
Kiyosu,35.2168,136.8369,69687,Kiyosu
Minami-Alps,35.6083,138.465,69642,Minami-Alps
Uwajima,33.2233,132.5606,69639,Uwajima
Rittō,35.0216,135.998,69598,Ritto
Sōja,34.6761,133.7463,69428,Soja
Toyoake,35.0536,137.0128,69389,Toyoake
Anan,33.9218,134.6595,69259,Anan
Moriya,35.9514,139.9754,68992,Moriya
Tanabe,33.728,135.3777,68986,Tanabe
Sabae,35.9565,136.1843,68666,Sabae
Ōdate,40.2714,140.5644,67865,Odate
Kashiwara,34.5793,135.6286,67757,Kashiwara
Fuefuki,35.6473,138.6397,67396,Fuefuki
Shiojiri,36.1,137.9667,67240,Shiojiri
Chiyoda-ku,35.6939,139.7536,67036,Chiyoda-ku
Kashima,35.9656,140.6448,67001,Kashima
Saiki,32.8861,131.7761,66497,Saiki
Yachimata,35.6659,140.3179,66430,Yachimata
Hashima,35.3199,136.7033,66312,Hashima
Tsuruga,35.6478,136.0644,66123,Tsuruga
Fukutsu,33.7668,130.4911,65770,Fukutsu
Ina,35.8275,137.954,65670,Ina
Kitamoto,36.0269,139.5302,65191,Kitamoto
Tomigusuku,26.1772,127.6813,64850,Tomigusuku
Fujioka,36.2585,139.0746,64539,Fujioka
Yanagawa,33.1631,130.4058,64120,Yanagawa
Sodegaura,35.43,139.9544,63975,Sodegaura
Tenri,34.5967,135.8372,63760,Tenri
Kurihara,38.7301,141.0215,63689,Kurihara
Asahi,35.7344,140.6556,63507,Asahi
Fujiidera,34.5742,135.5975,63338,Fujiidera
Nago,26.5916,127.9776,63060,Nago
Kaga,36.3028,136.315,62997,Kaga
Miyoshi,35.0894,137.0748,62963,Miyoshi
Tamana,32.9461,130.5763,62784,Tamana
Nagakute,35.1841,137.0487,62473,Nagakute
Tendō,38.3621,140.3784,61981,Tendo
Tagajō,38.2938,141.0043,61937,Tagajo
Mitoyo,34.1826,133.7151,61838,Mitoyo
Hita,33.3213,130.9411,61755,Hita
Shiroi,35.7915,140.0563,61673,Shiroi
Hasuda,35.9945,139.6624,61473,Hasuda
Hashimoto,34.3149,135.6052,61063,Hashimoto
Aisai,35.1528,136.7282,60914,Aisai
Tsushima,35.1771,136.7413,60908,Tsushima
Itoman,26.1235,127.6658,60903,Itoman
Tamba,35.1771,135.0359,60824,Tamba
Yamatotakada,34.5151,135.7365,60791,Yamatotakada
Kokawa,34.27,135.408,60592,Kokawa
Yame,33.212,130.5579,60196,Yame
Towada,40.6127,141.2059,60063,Towada
Sanyō-Onoda,34.0032,131.1818,59648,Sanyo-Onoda
Sennan,34.3659,135.2734,59634,Sennan
Date,37.8201,140.5083,59625,Date
Shimotsuke,36.3949,139.8518,59404,Shimotsuke
Shirakawa,37.1264,140.2109,59393,Shirakawa
Koga,33.7287,130.47,59349,Koga
Kesennuma,38.9081,141.5699,59341,Kesennuma
Hyūga,32.4229,131.6239,59276,Hyuga
Chichibu,35.9597,138.9333,59101,Chichibu
Tahara,34.6688,137.2642,59015,Tahara
Chikuma,36.5307,138.1149,58755,Chikuma
Sayama,34.5169,135.563,58593,Sayama
Ogōri,33.3964,130.5556,58322,Ogori
Murakami,38.224,139.48,58300,Murakami
Ishikari,43.1714,141.3155,58284,Ishikari
Kitahiroshima,42.9855,141.5631,58125,Kitahiroshima
Kan’onjichō,34.1268,133.6535,57921,Kan’onjicho
Kosai,34.7184,137.5316,57682,Kosai
Tōgane,35.5599,140.3661,57560,Togane
Tokoname,34.8892,136.8531,57507,Tokoname
Uki,32.6478,130.6843,57096,Uki
Nonoichi,36.5194,136.6098,57090,Nonoichi
Minokamo,35.4402,137.0157,57007,Minokamo
Zushi,35.2956,139.5803,56996,Zushi
Fussa,35.7386,139.3268,56786,Fussa
Kudamatsu,34.015,131.8703,56661,Kudamatsu
Tama,34.4919,133.946,56431,Tama
Mukōchō,34.9487,135.6983,56152,Mukocho
Mizuho,35.3918,136.6909,56106,Mizuho
Takizawa,39.7347,141.0771,56050,Takizawa
Takaishi,34.5207,135.4424,55910,Takaishi
Nōgata,33.7441,130.7297,55705,Nogata
Toki,35.3525,137.1832,55388,Toki
Shijōnawate,34.7399,135.6395,55094,Shijonawate
Chino,35.9955,138.1588,55018,Chino
Narutochō-mitsuishi,34.2039,134.5961,54989,Narutocho-mitsuishi
Minamiuonuma,37.0655,138.8761,54820,Minamiuonuma
Hidaka,35.9078,139.3391,54728,Hidaka
Annaka,36.3408,138.7764,54607,Annaka
Choshi,35.7346,140.8268,54570,Choshi
Nihonmatsu,37.5849,140.4312,54447,Nihonmatsu
Konan,35.0041,136.0847,54392,Konan
Sakurai,34.5187,135.8432,54346,Sakurai
Sado,38.0444,138.3897,54304,Sado
Hamura,35.7672,139.3109,53970,Hamura
Funato,34.2563,135.3113,53714,Funato
Mutsu,41.2928,141.1836,53393,Mutsu
Tōkamachi,37.1421,138.7571,53333,Tokamachi
Naka,36.4574,140.4868,53035,Naka
Usa,33.532,131.3495,52767,Usa
Hanyū,36.1725,139.5485,52740,Hanyu
Minami-Sōma,37.6422,140.9573,52619,Minami-Soma
Miyakojima,24.7901,125.2949,52390,Miyakojima
Shiraoka,36.0191,139.6769,52103,Shiraoka
Shiogama,38.3144,141.022,51999,Shiogama
Imarichō-kō,33.2647,129.8807,51875,Imaricho-ko
Tomiya,38.4,140.8953,51859,Tomiya
Bandō,36.0484,139.8887,51511,Bando
Izumi,32.0905,130.3526,51450,Izumi
Tsukubamirai,35.9631,140.037,51134,Tsukubamirai
Fuchū,34.3926,132.5045,51096,Fuchu
Kyōtango,35.6241,135.0609,50857,Kyotango
Miyako,39.6397,141.9461,50855,Miyako
Goshogawara,40.8077,140.4461,50757,Goshogawara
Sakaidechō,34.3164,133.8605,50577,Sakaidecho
Arao,32.9867,130.4332,50570,Arao
Nichinan,31.6019,131.3787,50518,Nichinan
Susono,35.1739,138.9068,50510,Susono
Yūki,36.2897,139.8715,50218,Yuki
Nakagawa,33.4996,130.4222,50201,Nakagawa
Hamada,34.8993,132.0799,50176,Hamada
Yasu,35.0675,136.0258,50049,Yasu
Miyoshi,34.8057,132.8518,50046,Miyoshi
Satte,36.0781,139.7259,49961,Satte
Hannan,34.3596,135.2397,49794,Hannan
Nanao,37.0431,136.9673,49660,Nanao
Noshiromachi,40.2118,140.0271,49625,Noshiromachi
Tomisato,35.7268,140.3429,49470,Tomisato
Kameyama,34.8558,136.4516,49457,Kameyama
Suzaka,36.6511,138.3073,49393,Suzaka
Asakura,33.4234,130.6655,49254,Asakura
Midori,36.3948,139.2811,49190,Midori
Hikari,33.9619,131.9423,49100,Hikari
Suwa,36.0392,138.114,48972,Suwa
Nomimachi,36.447,136.5541,48860,Nomimachi
Shimotsuchō-kominami,34.1257,135.1722,48811,Shimotsucho-kominami
Chikugo,33.2122,130.5021,48794,Chikugo
Takahama,34.9276,136.9877,48685,Takahama
Omitama,36.2393,140.3526,48555,Omitama
Suzukawa,35.373,139.3839,48532,Suzukawa
Ishigaki,24.3445,124.1852,48258,Ishigaki
Sanmu,35.6029,140.4135,48196,Sanmu
Yamaga,33.0167,130.6913,48181,Yamaga
Ena,35.4492,137.4128,47999,Ena
Kasuya,33.6108,130.4806,47981,Kasuya
Iwakura,35.2794,136.8714,47975,Iwakura
Higashine,38.4313,140.3911,47747,Higashine
Ōamishirasato,35.5217,140.321,47722,Oamishirasato
Tonami,36.6475,136.9621,47638,Tonami
Ono,34.8487,134.9342,47609,Ono
Hitachi-ota,36.5383,140.5309,47586,Hitachi-ota
Okaya,36.0671,138.0493,47499,Okaya
Nanto,36.5574,136.8755,47390,Nanto
Gosen,37.7444,139.1826,47262,Gosen
Kikugawa,34.7578,138.0848,47194,Kikugawa
Takeochō-takeo,33.1938,130.0191,47136,Takeocho-takeo
Tomioka,36.2599,138.8899,46928,Tomioka
Noboribetsu,42.4656,141.0758,46838,Noboribetsu
Sanuki,34.3253,134.1721,46723,Sanuki
Hioki,31.6337,130.4024,46671,Hioki
Fujiyoshida,35.4875,138.8077,46659,Fujiyoshida
Nakai,33.5757,133.6415,46567,Nakai
Kurayoshi,35.4301,133.8255,46269,Kurayoshi
Takashima,35.353,136.0357,46246,Takashima
Izunokuni,35.0277,138.9289,46212,Izunokuni
Kasaoka,34.5071,133.5074,46080,Kasaoka
Kikuchi,32.9794,130.8133,45971,Kikuchi
Tamagawa,33.6389,130.8061,45946,Tamagawa
Hokota,36.1587,140.5164,45910,Hokota
Shima,34.3282,136.8297,45834,Shima
Kariya,34.755,134.3904,45747,Kariya
Hokuto,41.8241,140.653,45661,Hokuto
Kitakata,37.6511,139.8748,45590,Kitakata
Numata,36.6439,139.0428,45132,Numata
Inuma,36.0001,139.6242,45065,Inuma
Sakura,36.6853,139.9664,44777,Sakura
Masuda,34.6748,131.8428,44474,Masuda
Iwanuma,38.1043,140.8702,44340,Iwanuma
Nanjō,26.1633,127.7706,44318,Nanjo
Ogimachi,33.294,130.199,44120,Ogimachi
Hagi,34.4081,131.3992,44118,Hagi
Goshikichō-aihara-minamidani,34.2944,134.7798,43914,Goshikicho-aihara-minamidani
Himi,36.8559,136.973,43747,Himi
Shinshiro,34.8989,137.4977,43620,Shinshiro
Kumatori,34.4014,135.3558,43570,Kumatori
Hokuto,35.7765,138.4236,43452,Hokuto
Inabe,35.1157,136.5614,43114,Inabe
Kobayashi,31.9967,130.9726,43114,Kobayashi
Makinohara,34.74,138.2246,43061,Makinohara
Yatomi,35.11,136.7247,43038,Yatomi
Shimabara,32.7881,130.3702,42858,Shimabara
Nakano,36.742,138.3695,42664,Nakano
Awaji,34.4397,134.9149,42597,Awaji
Akaiwa,34.7554,134.0188,42341,Akaiwa
Kasai,34.9278,134.8419,42290,Kasai
Futtsu,35.3041,139.857,42280,Futtsu
Maniwa,35.0756,133.7527,42259,Maniwa
Uozu,36.8194,137.3977,42224,Uozu
Minamishimabara,32.6598,130.2978,41903,Minamishimabara
Miura,35.1442,139.6207,41807,Miura
Ōizumi,36.2478,139.4049,41681,Oizumi
Yuzawa,39.1644,140.4958,41601,Yuzawa
Shimotsuma,36.1844,139.9684,41499,Shimotsuma
Kitaibaraki,36.8019,140.751,41352,Kitaibaraki
Komoro,36.3392,138.435,41066,Komoro
Sumoto,34.3425,134.8956,41056,Sumoto
Amami,28.3456,129.5022,41049,Amami
Unzen,32.8352,130.1875,41018,Unzen
Nanbei,35.3702,139.226,40947,Nanbei
Katō,34.9186,134.9734,40728,Kato
Tamba-Sasayama,35.0757,135.2192,40708,Tamba-Sasayama
Agano,37.8344,139.226,40382,Agano
Itoigawa,37.039,137.8627,40200,Itoigawa
Kasumigaura,36.1517,140.2371,39993,Kasumigaura
Sagae,38.3809,140.276,39854,Sagae
Kurobeshin,36.8714,137.4478,39718,Kurobeshin
Nakama,33.8208,130.7086,39634,Nakama
Takikawa,43.5578,141.9104,39266,Takikawa
Mitsuke,37.5316,138.9127,39024,Mitsuke
Higashimatsushima,38.4264,141.2111,38880,Higashimatsushima
Inashiki,35.9565,140.3239,38853,Inashiki
Hitachiomiya,36.5425,140.4109,38836,Hitachiomiya
Gujō,35.7486,136.9643,38747,Gujo
Yoshinogawa,34.0663,134.3586,38726,Yoshinogawa
Sakuragawa,36.3273,140.0906,38677,Sakuragawa
Ibusuki,31.2528,130.6331,38571,Ibusuki
Nishiwaki,34.9829,134.9795,38479,Nishiwaki
Miyoshidai,35.8284,139.5265,38361,Miyoshidai
Misawa,40.6831,141.3691,38351,Misawa
Maibara,35.3154,136.284,38259,Maibara
Ibara,34.5977,133.4638,38236,Ibara
Mizunami,35.3678,137.2537,37705,Mizunami
Katsuragi,34.4892,135.7264,37225,Katsuragi
Kanie,35.1322,136.7868,36782,Kanie
Yasugichō,35.4314,133.2509,36713,Yasugicho
Fuchūchō,34.5734,133.2314,36326,Fuchucho
Komatsushimachō,34.0049,134.5906,36123,Komatsushimacho
Uto,32.688,130.6598,35947,Uto
Usuki,33.1261,131.8053,35681,Usuki
Sōsa,35.7223,140.549,35674,Sosa
Miyajima,33.1524,130.4748,35665,Miyajima
Awa,34.0824,134.2358,35631,Awa
Setouchi,34.6649,134.0928,35624,Setouchi
Isumi,35.2539,140.3852,35570,Isumi
Unnan,35.3077,132.9003,35366,Unnan
Aizumi,34.1266,134.4951,35269,Aizumi
Kamata,33.5984,130.7194,35208,Kamata
Kaizu,35.2205,136.6366,34960,Kaizu
Kahoku,36.7198,136.7067,34936,Kahoku
Iyo,33.7574,132.7037,34927,Iyo
Tamura,37.4406,140.5762,34921,Tamura
Seiyo,33.3626,132.5109,34898,Seiyo
Sōma,37.7967,140.9196,34645,Soma
Abashiri,44.0206,144.2736,34640,Abashiri
Ofunato,39.0819,141.7089,34558,Ofunato
Nishihara,26.2536,127.7436,34463,Nishihara
Motosu,35.4831,136.6788,34453,Motosu
Gotō,32.6956,128.8408,34425,Goto
Kuji,40.1905,141.7756,34418,Kuji
Shinjō,38.765,140.3016,34284,Shinjo
Fusō,35.3591,136.9132,34268,Fuso
Atami,35.096,139.0716,34233,Atami
Tōon,33.791,132.8722,34195,Toon
Shisō,35.0044,134.5494,34116,Shiso
Uonuma,37.2364,138.9638,34112,Uonuma
Minamishiro,36.0227,139.7227,34012,Minamishiro
Harima,34.7152,134.8681,33822,Harima
Ojiya,37.3144,138.7951,33729,Ojiya
Date,42.4719,140.8647,33404,Date
Asakuchi,34.5279,133.5849,33382,Asakuchi
Shiroishi,38.0025,140.6199,33330,Shiroishi
Minamikyūshū,31.3783,130.4417,33115,Minamikyushu
Bungoōno,32.9775,131.5842,33066,Bungoono
Kamaishi,39.2758,141.8857,33061,Kamaishi
Wakabadai,45.3325,141.8283,33036,Wakabadai
Yamanashi,35.6934,138.6869,32925,Yamanashi
Yufu,33.1801,131.4268,32698,Yufu
Ōharu,35.1751,136.8201,32590,Oharu
Shimanto,32.9913,132.9337,32551,Shimanto
Minamisatsuma,31.4166,130.3234,32503,Minamisatsuma
Omaezaki,34.6135,138.2114,32422,Omaezaki
Shōbara,34.8578,133.0173,32343,Shobara
Namerikawa,36.7644,137.3412,32317,Namerikawa
Nagato,34.3705,131.1826,32183,Nagato
Kōnan,33.5642,133.7005,32123,Konan
Odamachi,35.1921,132.4994,32102,Odamachi
Bizen,34.7451,134.1881,32019,Bizen
Sakaiminato,35.5432,133.232,32012,Sakaiminato
Namegata,35.9905,140.489,31828,Namegata
Komagane,35.7278,137.9478,31763,Komagane
Maebara,35.114,140.0988,31722,Maebara
Zentsujichó,34.2285,133.7871,31620,Zentsujicho
Kuroishi,40.6426,140.5946,31604,Kuroishi
Katagami,39.8573,140.013,31558,Katagami
Ayabe,35.2989,135.2588,31537,Ayabe
Yawatahama-shi,33.4629,132.4233,31385,Yawatahama-shi
Hitoyoshi,32.21,130.7625,31332,Hitoyoshi
Shimotoba,34.8838,135.663,31292,Shimotoba
Yaita,36.8067,139.9241,31145,Yaita
Nantan,35.1074,135.4703,31075,Nantan
Tsuruno,40.87,140.3497,30760,Tsuruno
Yunoshima,35.8059,137.2441,30641,Yunoshima
Yanai,33.9639,132.1016,30461,Yanai
Ono,35.9797,136.4875,30449,Ono
Motomiya,37.5132,140.3939,30401,Motomiya
Kanzakimachi-kanzaki,33.3107,130.3731,30329,Kanzakimachi-kanzaki
Hirakawachō,40.5841,140.5665,30326,Hirakawacho
Nanyō,38.0551,140.1484,30235,Nanyo
Tsuru,35.5515,138.9054,30193,Tsuru
Kaminoyama,38.1496,140.2678,29974,Kaminoyama
Kaita,34.3722,132.536,29793,Kaita
Kitaakita,40.226,140.3707,29696,Kitaakita
Shibushi,31.4772,131.0999,29267,Shibushi
Tōmi,36.3594,138.3304,29213,Tomi
Hanawa,40.2158,140.7885,28929,Hanawa
Takahashi,34.791,133.6168,28825,Takahashi
Hirado,33.3681,129.5537,28822,Hirado
Asago,35.3398,134.8531,28802,Asago
Oyabe,36.6755,136.8687,28634,Oyabe
Saito,32.1085,131.4014,28618,Saito
Izu,34.9765,138.9468,28493,Izu
Tsushima,34.2028,129.2875,28456,Tsushima
Aioi,34.8036,134.4681,28350,Aioi
Higashikagawa,34.2438,134.3589,28305,Higashikagawa
Chatan,26.32,127.7639,28167,Chatan
Nirasaki,35.7088,138.4462,28150,Nirasaki
Obama,35.4956,135.7466,28142,Obama
Mima,34.0533,134.1698,28087,Mima
Tainai,38.0597,139.4103,28004,Tainai
Kakuda,37.977,140.7821,27848,Kakuda
Mizumaki,33.8548,130.695,27822,Mizumaki
Ōuda-yamaguchi,34.528,135.9522,27747,Ouda-yamaguchi
Kashima,33.1038,130.0986,27710,Kashima
Kitsuki,33.417,131.6161,27668,Kitsuki
Ninomiya,35.2995,139.2555,27536,Ninomiya
Niimi,34.977,133.4703,27526,Niimi
Takahagi,36.7187,140.7168,27522,Takahagi
Shingū,33.7242,135.9925,27491,Shingu
Ukiha,33.3474,130.755,27474,Ukiha
Itako,35.9471,140.5554,27373,Itako
Akitakata,34.6662,132.7043,27249,Akitakata
Nemuro,43.33,145.5829,27109,Nemuro
Ichikikushikino,31.7146,130.2719,27080,Ichikikushikino
Nayoro,44.3559,142.4632,27062,Nayoro
Gojō,34.3521,135.6935,26998,Gojo
Miyanaga,33.7237,130.6674,26690,Miyanaga
Tōno,39.3277,141.5335,26110,Tono
Awara,36.2239,136.2039,26024,Awara
Kamo,37.6663,139.0402,25971,Kamo
Ōtake,34.2144,132.2192,25955,Otake
Ōmachi,36.503,137.8511,25883,Omachi
Nagai,38.1075,140.0405,25836,Nagai
Kunisakimachi-tsurugawa,33.5633,131.7322,25790,Kunisakimachi-tsurugawa
Ginan,35.3896,136.7825,25752,Ginan
Arida,34.083,135.1277,25737,Arida
Tosa,33.4961,133.4254,25665,Tosa
Kami,33.5705,133.7416,25562,Kami
Mimasaka,35.0086,134.1486,25497,Mimasaka
Yamagata,35.5061,136.7814,25325,Yamagata
Saikaichō-kobagō,33.0651,129.6891,25184,Saikaicho-kobago
Ninohe,40.2713,141.3048,25083,Ninohe
