city,lat,lng,country,iso2,admin_name,capital,population,population_proper
Tokyo,35.6850,139.7514,Japan,JP,Tōkyō,primary,37785000,13515271
Ōsaka,34.6938,135.5021,Japan,JP,Ōsaka,admin,15126000,2725006
Nagoya,35.1814,136.9064,Japan,JP,Aichi,admin,9197000,2320361
Yokohama,35.4333,139.6500,Japan,JP,Kanagawa,admin,3757630,3757630
Fukuoka,33.5901,130.4017,Japan,JP,Fukuoka,admin,2286000,1588924
Sapporo,43.0619,141.3544,Japan,JP,Hokkaidō,admin,1959313,1959313
Kawasaki,35.5308,139.7030,Japan,JP,Kanagawa,,1538262,1538262
Kōbe,34.6902,135.1954,Japan,JP,Hyōgo,admin,1521707,1521707
Kyōto,35.0111,135.7669,Japan,JP,Kyōto,admin,1431419,1431419
Saitama,35.8614,139.6456,Japan,JP,Saitama,admin,1325843,1325843
Iwatsuki,35.9508,139.6994,Japan,JP,Saitama,,1324854,1324854
Hiroshima,34.3914,132.4519,Japan,JP,Hiroshima,admin,1198021,1198021
Sendai,38.2682,140.8694,Japan,JP,Miyagi,admin,1061177,1061177
Chiba,35.6073,140.1064,Japan,JP,Chiba,admin,975014,975014
Setagaya,35.6465,139.6532,Japan,JP,Tōkyō,,940071,940071
Kitakyūshū,33.8834,130.8752,Japan,JP,Fukuoka,,935084,935084
Sakai,34.5733,135.4830,Japan,JP,Ōsaka,,827277,827277
Niigata,37.9162,139.0364,Japan,JP,Niigata,admin,790646,790646
Hamamatsu,34.7109,137.7262,Japan,JP,Shizuoka,,788211,788211
Nerima,35.7551,139.6585,Japan,JP,Tōkyō,,749451,749451
Kumamoto,32.8030,130.7079,Japan,JP,Kumamoto,admin,738385,738385
Ōta-ku,35.5613,139.7160,Japan,JP,Tōkyō,,737187,737187
Sagamihara,35.5714,139.3731,Japan,JP,Kanagawa,,725696,725696
Okayama,34.6551,133.9196,Japan,JP,Okayama,admin,720043,720043
Edogawa,35.7066,139.8683,Japan,JP,Chiba,,697932,697932
Shizuoka,34.9756,138.3825,Japan,JP,Shizuoka,admin,685589,685589
Adachi,35.7749,139.8044,Japan,JP,Tōkyō,,682326,682326
Honchō,35.6947,139.9826,Japan,JP,Chiba,,644668,644668
Kawaguchi,35.8042,139.7197,Japan,JP,Saitama,,595011,595011
Kagoshima,31.5968,130.5571,Japan,JP,Kagoshima,admin,593754,593754
Itabashi,35.7512,139.7092,Japan,JP,Tōkyō,,584483,584483
Suginami-ku,35.6995,139.6364,Japan,JP,Tōkyō,,583609,583609
Hachiōji,35.6664,139.3160,Japan,JP,Tōkyō,,575721,575721
Himeji,34.8152,134.6854,Japan,JP,Hyōgo,,527596,527596
Kōtō-ku,35.6728,139.8173,Japan,JP,Tōkyō,,523419,523419
Utsunomiya,36.5551,139.8826,Japan,JP,Tochigi,admin,518197,518197
Matsuyama,33.8392,132.7656,Japan,JP,Ehime,admin,506743,506743
Matsudo,35.7876,139.9032,Japan,JP,Chiba,,497514,497514
Ichikawa,35.7284,139.9085,Japan,JP,Chiba,,492749,492749
Higashi-ōsaka,34.6794,135.6009,Japan,JP,Ōsaka,,490819,490819
Nishinomiya-hama,34.7376,135.3417,Japan,JP,Hyōgo,,487010,487010
Kawachichō,34.6964,135.6010,Japan,JP,Ōsaka,,486464,486464
Kurashiki,34.5851,133.7721,Japan,JP,Okayama,,474862,474862
Ōita,33.1883,131.5783,Japan,JP,Ōita,admin,474804,474804
Kanazawa,36.5611,136.6565,Japan,JP,Ishikawa,admin,462479,462479
Fukuyama,34.4859,133.3623,Japan,JP,Hiroshima,,459576,459576
Amagasaki,34.7338,135.4063,Japan,JP,Hyōgo,,455555,455555
Katsushika-ku,35.7434,139.8472,Japan,JP,Tōkyō,,451772,451772
Fujisawa,35.3487,139.4837,Japan,JP,Kanagawa,,439728,439728
Machida,35.5467,139.4386,Japan,JP,Tōkyō,,434414,434414
Kashiwa,35.8676,139.9758,Japan,JP,Chiba,,427603,427603
Aomori,40.8228,140.7469,Japan,JP,Aomori,admin,425962,425962
Toyota,35.0824,137.1563,Japan,JP,Aichi,,422106,422106
Takamatsu,34.3428,134.0466,Japan,JP,Kagawa,admin,417814,417814
Shinagawa-ku,35.6092,139.7302,Japan,JP,Tōkyō,,415729,415729
Toyama,36.6959,137.2137,Japan,JP,Toyama,admin,413028,413028
Nagasaki,32.7495,129.8796,Japan,JP,Nagasaki,admin,404656,404656
Gifu,35.4263,136.7594,Japan,JP,Gifu,admin,400118,400118
Toyonaka,34.7815,135.4696,Japan,JP,Ōsaka,,399263,399263
Miyazaki,31.9077,131.4202,Japan,JP,Miyazaki,admin,397476,397476
Hirakata,34.8144,135.6506,Japan,JP,Ōsaka,,396694,396694
Yokosuka,35.2813,139.6721,Japan,JP,Kanagawa,,390275,390275
Okazaki,34.9547,137.1730,Japan,JP,Aichi,,385376,385376
Minamisuita,34.7594,135.5168,Japan,JP,Ōsaka,,381238,381238
Ichinomiya,35.3039,136.8031,Japan,JP,Aichi,,378108,378108
Takasaki,36.3231,139.0024,Japan,JP,Gunma,,372639,372639
Toyohashi,34.7692,137.3915,Japan,JP,Aichi,,371507,371507
Nagano,36.6487,138.1947,Japan,JP,Nagano,admin,367184,367184
Kawagoe,35.9251,139.4858,Japan,JP,Saitama,,354598,354598
Wakayama,34.2304,135.1707,Japan,JP,Wakayama,admin,353299,353299
Kita-ku,35.7528,139.7336,Japan,JP,Tōkyō,,353058,353058
Nara,34.6850,135.8048,Japan,JP,Nara,admin,352377,352377
Shinjuku,35.6939,139.7034,Japan,JP,Tōkyō,,349385,349385
Takatsuki,34.8460,135.6173,Japan,JP,Ōsaka,,347496,347496
Nakano,35.7058,139.6664,Japan,JP,Tōkyō,,344880,344880
Ōtsu,35.0178,135.8548,Japan,JP,Shiga,admin,342607,342607
Koshigaya,35.8911,139.7909,Japan,JP,Saitama,,341784,341784
Tokorozawa,35.7994,139.4689,Japan,JP,Saitama,,341289,341289
Iwaki,37.0505,140.8877,Japan,JP,Fukushima,,336111,336111
Maebashi,36.3895,139.0634,Japan,JP,Gunma,admin,331849,331849
Asahikawa,43.7706,142.3650,Japan,JP,Hokkaidō,,331392,331392
Koriyama,37.4003,140.3597,Japan,JP,Fukushima,,327040,327040
Kōchi,33.5588,133.5312,Japan,JP,Kōchi,admin,325535,325535
Naha,26.2122,127.6792,Japan,JP,Okinawa,admin,316048,316048
Yokkaichi,34.9650,136.6244,Japan,JP,Mie,,310263,310263
Kasugai,35.2475,136.9722,Japan,JP,Aichi,,306449,306449
Akita,39.7199,140.1026,Japan,JP,Akita,admin,302984,302984
Kurume,33.3036,130.5656,Japan,JP,Fukuoka,,302858,302858
Ōakashichō,34.6431,134.9972,Japan,JP,Hyōgo,,299699,299699
Toshima,35.7261,139.7167,Japan,JP,Tōkyō,,297954,297954
Morioka,39.7455,141.2691,Japan,JP,Iwate,admin,290553,290553
Sumida,35.7342,139.8185,Japan,JP,Tōkyō,,287766,287766
Fukushima,37.7608,140.4747,Japan,JP,Fukushima,admin,284282,284282
Ibaraki,34.8164,135.5686,Japan,JP,Ōsaka,,283835,283835
Meguro,35.6414,139.6981,Japan,JP,Tōkyō,,282607,282607
Tsu,34.7184,136.5058,Japan,JP,Mie,admin,273267,273267
Mito,36.3658,140.4712,Japan,JP,Ibaraki,admin,270823,270823
Ichihara,35.4981,140.1154,Japan,JP,Chiba,,268038,268038
Nagaoka,37.4453,138.8567,Japan,JP,Niigata,,265868,265868
Yao,34.6269,135.6009,Japan,JP,Nara,,263436,263436
Fukui,36.0641,136.2196,Japan,JP,Fukui,admin,261474,261474
Fuchū,35.6689,139.4777,Japan,JP,Tōkyō,,260508,260508
Minato,35.6580,139.7515,Japan,JP,Tōkyō,,260486,260486
Hiratsuka,35.3355,139.3494,Japan,JP,Kanagawa,,257662,257662
Kakogawachō-honmachi,34.7659,134.8369,Japan,JP,Hyōgo,,255523,255523
Tokushima,34.0703,134.5549,Japan,JP,Tokushima,admin,254510,254510
Shinozaki,33.9579,130.9413,Japan,JP,Fukuoka,,252844,252844
Hakodate,41.7687,140.7289,Japan,JP,Hokkaidō,,251891,251891
Sōka,35.8254,139.8053,Japan,JP,Saitama,,251390,251390
Yamagata,38.2554,140.3396,Japan,JP,Yamagata,admin,247234,247234
Tsukuba-kenkyūgakuen-toshi,36.0835,140.0764,Japan,JP,Ibaraki,,246647,246647
Fuji,35.1613,138.6763,Japan,JP,Shizuoka,,243739,243739
Sasebo,33.1800,129.7150,Japan,JP,Nagasaki,,242664,242664
Chigasaki,35.3339,139.4047,Japan,JP,Kanagawa,,242347,242347
Bunkyō-ku,35.7080,139.7523,Japan,JP,Tōkyō,,240069,240069
Yato,35.4875,139.4580,Japan,JP,Kanagawa,,239146,239146
Matsumoto,36.2380,137.9720,Japan,JP,Nagano,,239115,239115
Chōfugaoka,35.6506,139.5407,Japan,JP,Tōkyō,,238087,238087
Shibuya-ku,35.6637,139.6977,Japan,JP,Tōkyō,,235193,235193
Saga,33.2635,130.3008,Japan,JP,Saga,admin,232359,232359
Yoshiichō-shimobaru,33.2687,129.6869,Japan,JP,Nagasaki,,230873,230873
Kasukabe,35.9753,139.7523,Japan,JP,Saitama,,228975,228975
Neya,34.7661,135.6281,Japan,JP,Ōsaka,,227997,227997
Ageoshimo,35.9774,139.5932,Japan,JP,Saitama,,226616,226616
Ōta,36.2172,139.3513,Japan,JP,Gunma,,224358,224358
Atsugichō,35.4431,139.3625,Japan,JP,Kanagawa,,223815,223815
Hachinohe,40.5123,141.4884,Japan,JP,Aomori,,222799,222799
Takarazuka,34.7998,135.3601,Japan,JP,Hyōgo,,221846,221846
Arakawa,35.7361,139.7834,Japan,JP,Tōkyō,,217891,217891
Isesaki,36.3209,139.1982,Japan,JP,Gunma,,213303,213303
Kure,34.2492,132.5657,Japan,JP,Hiroshima,,212159,212159
Taitō,35.7126,139.7800,Japan,JP,Tōkyō,,212038,212038
Nagareyama,35.8556,139.8986,Japan,JP,Chiba,,211620,211620
Nishitōkyō,35.7256,139.5383,Japan,JP,Tōkyō,,207436,207436
Matsue,35.4681,133.0485,Japan,JP,Shimane,admin,201802,201802
Yachiyo,35.7224,140.0999,Japan,JP,Chiba,,200538,200538
Higashi-Hiroshima,34.4264,132.7433,Japan,JP,Hiroshima,,197347,197347
Itami,34.7829,135.4162,Japan,JP,Hyōgo,,197215,197215
Kodaira,35.7285,139.4774,Japan,JP,Tōkyō,,196959,196959
Suzuka,34.8820,136.5842,Japan,JP,Mie,,195250,195250
Kamirenjaku,35.6836,139.5595,Japan,JP,Tōkyō,,194460,194460
Kumagaya,36.1474,139.3886,Japan,JP,Saitama,,193190,193190
Yamaguchi,34.1782,131.4735,Japan,JP,Yamaguchi,admin,191470,191470
Hino,35.6713,139.3951,Japan,JP,Tōkyō,,190598,190598
Odawara,35.2646,139.1522,Japan,JP,Kanagawa,,189038,189038
Anjōmachi,34.9587,137.0803,Japan,JP,Aichi,,188801,188801
Kishiwada,34.4605,135.3709,Japan,JP,Ōsaka,,188015,188015
Numazu,35.0956,138.8634,Japan,JP,Shizuoka,,187653,187653
Tottori,35.4944,134.2216,Japan,JP,Tottori,,187323,187323
Jōetsu,37.1479,138.2361,Japan,JP,Niigata,,187291,187291
Kōfu,35.6621,138.5682,Japan,JP,Yamanashi,admin,187144,187144
Izuo,34.4832,135.4232,Japan,JP,Ōsaka,,184299,184299
Toyokawa,34.8241,137.3944,Japan,JP,Aichi,,183930,183930
Tachikawa,35.7139,139.4079,Japan,JP,Tōkyō,,181115,181115
Uji,34.8844,135.7998,Japan,JP,Kyōto,,179626,179626
Narashino,35.6813,140.0266,Japan,JP,Chiba,,174990,174990
Sakura,35.7192,140.2296,Japan,JP,Chiba,,173740,173740
Kamakurayama,35.3192,139.5472,Japan,JP,Kanagawa,,172929,172929
Hitachi,36.5991,140.6515,Japan,JP,Ibaraki,,172709,172709
Izumo,35.3670,132.7547,Japan,JP,Shimane,,171995,171995
Tomakomai,42.6341,141.6055,Japan,JP,Hokkaidō,,170223,170223
Urayasu,35.6531,139.9020,Japan,JP,Chiba,,169749,169749
Chūō-ku,35.6706,139.7720,Japan,JP,Tōkyō,,169179,169179
Nishio,34.8618,137.0618,Japan,JP,Aichi,,168992,168992
Hirosaki,40.6031,140.4638,Japan,JP,Aomori,,167803,167803
Oyama,36.3145,139.8001,Japan,JP,Tochigi,,167647,167647
Niiza,35.7935,139.5653,Japan,JP,Saitama,,165997,165997
Takaoka,36.7541,137.0257,Japan,JP,Toyama,,165880,165880
Kushiro,42.9849,144.3817,Japan,JP,Hokkaidō,,165699,165699
Iwata,34.7179,137.8515,Japan,JP,Shizuoka,,165688,165688
Obihiro,42.9240,143.1961,Japan,JP,Hokkaidō,,165684,165684
Hadano,35.3747,139.2201,Japan,JP,Kanagawa,,164292,164292
Ube,33.9516,131.2467,Japan,JP,Yamaguchi,,162873,162873
Miyakonojō,31.7195,131.0617,Japan,JP,Miyazaki,,160392,160392
Matsuzaka,34.5779,136.5276,Japan,JP,Mie,,158472,158472
Ōgaki,35.3647,136.6019,Japan,JP,Gifu,,158386,158386
Hitachi-Naka,36.3967,140.5347,Japan,JP,Ibaraki,,155680,155680
Daiwanishi,34.8892,135.4167,Japan,JP,Hyōgo,,155165,155165
Noda,35.9463,139.8589,Japan,JP,Chiba,,154114,154114
Tochigi,36.3824,139.7341,Japan,JP,Tochigi,,153508,153508
Kariya,34.9893,137.0021,Japan,JP,Aichi,,153178,153178
Ueda,36.4019,138.2491,Japan,JP,Nagano,,152948,152948
Imabari,34.0661,132.9977,Japan,JP,Ehime,,152111,152111
Kawashiri,34.8794,135.4092,Japan,JP,Ōsaka,,152076,152076
Higashimurayama,35.7546,139.4685,Japan,JP,Tōkyō,,150458,150458
Kukichūō,36.0621,139.6668,Japan,JP,Saitama,,150197,150197
Musashino,35.7177,139.5661,Japan,JP,Tōkyō,,148971,148971
Sayama,35.8530,139.4122,Japan,JP,Saitama,,148474,148474
Komaki,35.2903,136.9110,Japan,JP,Aichi,,147897,147897
Tama,35.6369,139.4463,Japan,JP,Tōkyō,,147252,147252
Yonago,35.4282,133.3309,Japan,JP,Tottori,,147210,147210
Iruma,35.8358,139.3911,Japan,JP,Saitama,,145303,145303
Asaka,35.7972,139.5939,Japan,JP,Saitama,,143915,143915
Kakamigahara,35.3988,136.8484,Japan,JP,Gifu,,143641,143641
Ashikaga,36.3594,139.4531,Japan,JP,Tochigi,,142882,142882
Toda,35.8176,139.6779,Japan,JP,Saitama,,142352,142352
Tsuchiura,36.0816,140.2041,Japan,JP,Ibaraki,,142181,142181
Okinawa,26.3343,127.8057,Japan,JP,Okinawa,,142094,142094
Misato,35.8301,139.8723,Japan,JP,Chiba,,141913,141913
Moriguchi,34.7358,135.5617,Japan,JP,Ōsaka,,141849,141849
Fujita,34.8674,138.2577,Japan,JP,Shizuoka,,140947,140947
Fukayachō,36.1975,139.2815,Japan,JP,Saitama,,140930,140930
Kusatsu,35.0131,135.9600,Japan,JP,Shiga,,139913,139913
Minō,34.8269,135.4706,Japan,JP,Ōsaka,,139118,139118
Ishizaki,38.4342,141.3027,Japan,JP,Miyagi,,138856,138856
Kuwana,35.0622,136.6837,Japan,JP,Mie,,138798,138798
Koga,36.1782,139.7554,Japan,JP,Ibaraki,,138237,138237
Shūnan,34.0551,131.8062,Japan,JP,Yamaguchi,,137899,137899
Minoo,34.8269,135.4704,Japan,JP,Ōsaka,,136976,136976
Yaizu,34.8669,138.3233,Japan,JP,Shizuoka,,136028,136028
Kisarazu,35.3760,139.9169,Japan,JP,Chiba,,136023,136023
Ebina,35.4464,139.3908,Japan,JP,Kanagawa,,135557,135557
Inazawa,35.2481,136.7802,Japan,JP,Aichi,,134938,134938
Ōme,35.7902,139.2549,Japan,JP,Tōkyō,,131895,131895
Isahaya,32.8466,130.0373,Japan,JP,Nagasaki,,131467,131467
Zama,35.4886,139.4076,Japan,JP,Kanagawa,,130753,130753
Narita,35.7767,140.3183,Japan,JP,Chiba,,130689,130689
Abiko,35.8642,140.0284,Japan,JP,Chiba,,130290,130290
Onomichi,34.4091,133.2054,Japan,JP,Hiroshima,,130143,130143
Kokubunji,35.7103,139.4632,Japan,JP,Tōkyō,,129619,129619
Iwakuni,34.1647,132.1845,Japan,JP,Yamaguchi,,127512,127512
Seto,35.2240,137.0840,Japan,JP,Aichi,,127327,127327
Ōmiyachō,35.2221,138.6216,Japan,JP,Shizuoka,,127252,127252
Koganei,35.6995,139.5030,Japan,JP,Tōkyō,,127226,127226
Ōsaki,38.5771,140.9556,Japan,JP,Miyagi,,127135,127135
Iizuka,33.6136,130.6611,Japan,JP,Fukuoka,,126136,126136
Kirishima,31.7410,130.7632,Japan,JP,Kagoshima,,123812,123812
Ise,34.4875,136.7093,Japan,JP,Mie,,122432,122432
Uruma,26.3792,127.8574,Japan,JP,Okinawa,,122371,122371
Kashiwara,34.5094,135.7925,Japan,JP,Nara,,121604,121604
Tsuruoka,38.7272,139.8267,Japan,JP,Yamagata,,121371,121371
Honmachi,32.5074,130.6019,Japan,JP,Kumamoto,,120389,120389
Ebetsu,43.1037,141.5362,Japan,JP,Hokkaidō,,119819,119819
Daitōchō,34.7120,135.6234,Japan,JP,Ōsaka,,118812,118812
Kadoma,34.7391,135.5869,Japan,JP,Ōsaka,,118319,118319
Aizuwakamatsu,37.4948,139.9298,Japan,JP,Fukushima,,117924,117924
Matsubara,34.5779,135.5518,Japan,JP,Ōsaka,,117811,117811
Nobeoka,32.5823,131.6649,Japan,JP,Miyazaki,,117711,117711
Handa,34.8919,136.9381,Japan,JP,Aichi,,117544,117544
Kōnosu,36.0659,139.5222,Japan,JP,Saitama,,116777,116777
Ikoma,34.6919,135.7005,Japan,JP,Nara,,116518,116518
Honchō,35.7580,139.5299,Japan,JP,Saitama,,116477,116477
Karatsu,33.4501,129.9683,Japan,JP,Saga,,116052,116052
Nagahama,35.3814,136.2754,Japan,JP,Shiga,,116043,116043
Beppu,33.2846,131.4913,Japan,JP,Ōita,,115992,115992
Urasoe,26.2457,127.7219,Japan,JP,Okinawa,,115855,115855
Nasushiobara,36.9617,140.0461,Japan,JP,Tochigi,,115602,115602
Kōenchō,43.8031,143.8947,Japan,JP,Hokkaidō,,115441,115441
Niihama,33.9603,133.2834,Japan,JP,Ehime,,114971,114971
Hōfu,34.0466,131.5721,Japan,JP,Yamaguchi,,114846,114846
Sano,36.3144,139.5783,Japan,JP,Tochigi,,114842,114842
Hatsukaichi,34.3482,132.3316,Japan,JP,Hiroshima,,114699,114699
Kakegawa,34.7687,137.9984,Japan,JP,Shizuoka,,113954,113954
Fujimino,35.8795,139.5198,Japan,JP,Saitama,,113490,113490
Hikone,35.2744,136.2597,Japan,JP,Shiga,,113191,113191
Tōkai,35.0231,136.9022,Japan,JP,Aichi,,113144,113144
Kazo,36.1204,139.6002,Japan,JP,Saitama,,112792,112792
Ōshū,39.1297,141.0947,Japan,JP,Iwate,,112531,112531
Higashiōmi,35.1126,136.2075,Japan,JP,Shiga,,112459,112459
Akishima,35.7057,139.3535,Japan,JP,Tōkyō,,112110,112110
Fujimi,35.8566,139.5492,Japan,JP,Saitama,,111858,111858
Ichinoseki,38.9347,141.1266,Japan,JP,Iwate,,111824,111824
Kasuga,33.5242,130.4564,Japan,JP,Fukuoka,,111144,111144
Shirayamamachi,36.5144,136.5656,Japan,JP,Ishikawa,,110135,110135
Ōmuta,33.0303,130.4460,Japan,JP,Fukuoka,,110054,110054
Kamagaya,35.7768,140.0008,Japan,JP,Chiba,,109370,109370
Sandachō,34.8900,135.2254,Japan,JP,Hyōgo,,109243,109243
Marugame,34.2894,133.7976,Japan,JP,Kagawa,,109165,109165
Tondabayashichō,34.4996,135.5973,Japan,JP,Ōsaka,,108735,108735
Komatsu,36.4084,136.4456,Japan,JP,Ishikawa,,108509,108509
Habikino,34.5579,135.6063,Japan,JP,Ōsaka,,108370,108370
Mineshita,35.1394,138.9489,Japan,JP,Shizuoka,,107416,107416
Tajimi,35.3339,137.1125,Japan,JP,Gifu,,106746,106746
Saijō,33.9196,133.1812,Japan,JP,Ehime,,106016,106016
Kiryū,36.4053,139.3305,Japan,JP,Gunma,,105751,105751
Ikeda,34.8217,135.4285,Japan,JP,Hyōgo,,104148,104148
Toride,35.9115,140.0504,Japan,JP,Ibaraki,,103908,103908
Chikushino,33.4874,130.5258,Japan,JP,Fukuoka,,103185,103185
Inzai,35.8323,140.1457,Japan,JP,Chiba,,103084,103084
Hōyachō,35.7415,139.5589,Japan,JP,Tōkyō,,102720,102720
Otaru,43.1907,140.9944,Japan,JP,Hokkaidō,,102652,102652
Isehara,35.4029,139.3150,Japan,JP,Kanagawa,,102088,102088
Shibuya,35.6536,139.7092,Japan,JP,Tōkyō,,102056,102056
Ōnojō,33.5131,130.4792,Japan,JP,Fukuoka,,101603,101603
Sakado,35.9573,139.4030,Japan,JP,Saitama,,100829,100829
Kawachinagano,34.4581,135.5641,Japan,JP,Ōsaka,,100415,100415
Kani,35.4261,137.0613,Japan,JP,Gifu,,99545,99545
Ōmura,32.9006,129.9575,Japan,JP,Nagasaki,,99337,99337
Izumisano,34.4069,135.3275,Japan,JP,Ōsaka,,99328,99328
Ginowan,26.2815,127.7785,Japan,JP,Okinawa,,99256,99256
Sakata,38.9149,139.8367,Japan,JP,Yamagata,,99235,99235
Itoshima,33.5573,130.1955,Japan,JP,Fukuoka,,98527,98527
Chikusei,36.3071,139.9831,Japan,JP,Ibaraki,,98384,98384
Kanoya,31.3783,130.8522,Japan,JP,Kagoshima,,98367,98367
Saku,36.2488,138.4769,Japan,JP,Nagano,,98292,98292
Chitose,42.8210,141.6509,Japan,JP,Hokkaidō,,97945,97945
Tsuyama,35.0639,134.0043,Japan,JP,Okayama,,97507,97507
Kōnan,35.3321,136.8707,Japan,JP,Aichi,,97435,97435
Munakata,33.8055,130.5408,Japan,JP,Fukuoka,,97041,97041
Iida,35.5148,137.8218,Japan,JP,Nagano,,96642,96642
Kamisu,35.8899,140.6645,Japan,JP,Ibaraki,,95471,95471
Shimada,34.8363,138.1761,Japan,JP,Shizuoka,,95198,95198
Kanuma,36.5671,139.7451,Japan,JP,Tochigi,,94591,94591
Shibata,37.9479,139.3273,Japan,JP,Niigata,,94258,94258
Ashiya,34.7486,135.2975,Japan,JP,Hyōgo,,94116,94116
Azumino,36.3039,137.9056,Japan,JP,Nagano,,93927,93927
Sanjō,37.6368,138.9617,Japan,JP,Niigata,,93671,93671
Inagi,35.6379,139.5046,Japan,JP,Tōkyō,,93394,93394
Yashio,35.8225,139.8392,Japan,JP,Saitama,,93283,93283
Yotsukaidō,35.6698,140.1679,Japan,JP,Chiba,,93233,93233
Nisshin,35.1320,137.0394,Japan,JP,Aichi,,92823,92823
Hanamaki Onsen,39.3886,141.1169,Japan,JP,Iwate,,92815,92815
Kitakami,39.2867,141.1132,Japan,JP,Iwate,,92348,92348
Satsumasendai,31.8135,130.3040,Japan,JP,Kagoshima,,91875,91875
Higashi-Matsuyama,36.0422,139.3999,Japan,JP,Saitama,,91818,91818
Imizuchō,36.7306,137.0756,Japan,JP,Toyama,,90201,90201
Mihara,34.3974,133.0787,Japan,JP,Hiroshima,,89972,89972
Kōka,34.9028,136.2158,Japan,JP,Shiga,,89619,89619
Mobara,35.4285,140.2881,Japan,JP,Chiba,,88330,88330
Sakai,36.1669,136.2314,Japan,JP,Fukui,,87945,87945
Ama,35.2004,136.7832,Japan,JP,Aichi,,87668,87668
Takasagochō-takasemachi,34.7465,134.8021,Japan,JP,Hyōgo,,86888,86888
Fukuroi,34.7502,137.9247,Japan,JP,Shizuoka,,86851,86851
Gotenba,35.3087,138.9346,Japan,JP,Shizuoka,,86334,86334
Settsu,34.7773,135.5618,Japan,JP,Ōsaka,,86168,86168
Kitanagoya,35.2457,136.8660,Japan,JP,Aichi,,86060,86060
Kameoka,35.0135,135.5735,Japan,JP,Kyōto,,85962,85962
Iga,34.7499,136.1423,Japan,JP,Mie,,85883,85883
Sekimachi,35.4958,136.9179,Japan,JP,Gifu,,85636,85636
Takayama,36.1460,137.2522,Japan,JP,Gifu,,85199,85199
Yokotemachi,39.3137,140.5666,Japan,JP,Akita,,84556,84556
Ushiku,35.9794,140.1496,Japan,JP,Ibaraki,,84505,84505
Komae,35.6348,139.5787,Japan,JP,Tōkyō,,84437,84437
Kaizuka,34.4376,135.3585,Japan,JP,Ōsaka,,84356,84356
Higashiyamato,35.7454,139.4265,Japan,JP,Saitama,,84260,84260
Ayase,35.4371,139.4261,Japan,JP,Kanagawa,,84257,84257
Wakō,35.7812,139.6057,Japan,JP,Saitama,,84120,84120
Kitakōriyamachō,34.6493,135.7827,Japan,JP,Nara,,84007,84007
Chita,34.9966,136.8647,Japan,JP,Aichi,,83881,83881
Moriyama,35.0589,135.9942,Japan,JP,Shiga,,83567,83567
Nakatsu,33.5983,131.1883,Japan,JP,Fukuoka,,82714,82714
Owariasahi,35.2165,137.0354,Japan,JP,Aichi,,82336,82336
Shikokuchūō,33.9807,133.5492,Japan,JP,Ehime,,82320,82320
Muroran,42.3152,140.9740,Japan,JP,Hokkaidō,,81580,81580
Ōmihachiman,35.1283,136.0981,Japan,JP,Shiga,,81545,81545
Kashiwazaki,37.3649,138.5579,Japan,JP,Niigata,,81027,81027
Yonezawa,37.9222,140.1167,Japan,JP,Yamagata,,80795,80795
Nagaoka,34.9268,135.6958,Japan,JP,Kyōto,,80423,80423
Echizen,35.9035,136.1687,Japan,JP,Fukui,,80264,80264
Hannō,35.8556,139.3278,Japan,JP,Saitama,,80099,80099
Gamagōri,34.8264,137.2197,Japan,JP,Aichi,,80063,80063
Akiruno,35.7289,139.2941,Japan,JP,Tōkyō,,79600,79600
Iwamizawa,43.1962,141.7759,Japan,JP,Hokkaidō,,79361,79361
Natori-shi,38.1715,140.8918,Japan,JP,Miyagi,,79250,79250
Nakatsugawa,35.4875,137.5006,Japan,JP,Gifu,,78930,78930
Maizuru,35.4748,135.3860,Japan,JP,Kyōto,,78730,78730
Mooka,36.4404,140.0134,Japan,JP,Tochigi,,78665,78665
Gyōda,36.1389,139.4556,Japan,JP,Saitama,,78488,78488
Kashiba,34.5413,135.6990,Japan,JP,Nara,,78346,78346
Kizugawa,34.7371,135.8201,Japan,JP,Kyōto,,78035,78035
Aira,31.7282,130.6278,Japan,JP,Kagoshima,,77948,77948
Honjō,36.2433,139.1906,Japan,JP,Saitama,,77900,77900
Toyomamachi-teraike,38.6579,141.2764,Japan,JP,Miyagi,,77897,77897
Katano,34.7880,135.6800,Japan,JP,Ōsaka,,77401,77401
Tsubame,37.6669,138.9259,Japan,JP,Niigata,,77382,77382
Fukuchiyama,35.2967,135.1266,Japan,JP,Kyōto,,77150,77150
Nikkō,36.7198,139.6982,Japan,JP,Tochigi,,77027,77027
Nabari,34.6277,136.1083,Japan,JP,Mie,,77022,77022
Toyooka,35.5445,134.8202,Japan,JP,Hyōgo,,77005,77005
Shinkai,35.8234,139.5742,Japan,JP,Saitama,,76445,76445
Daisen,39.4531,140.4754,Japan,JP,Akita,,76164,76164
Ryūgasaki,35.9116,140.1823,Japan,JP,Ibaraki,,76055,76055
Kiyose,35.7857,139.5265,Japan,JP,Saitama,,75389,75389
Kai,35.6608,138.5158,Japan,JP,Yamanashi,,75337,75337
Kunitachi,35.6839,139.4414,Japan,JP,Tōkyō,,75133,75133
Warabi,35.8256,139.6797,Japan,JP,Saitama,,74996,74996
Amakusa,32.4587,130.1930,Japan,JP,Kumamoto,,74861,74861
Sasagawa,37.2869,140.3726,Japan,JP,Fukushima,,74778,74778
Tosu,33.3778,130.5061,Japan,JP,Saga,,74673,74673
Katori,35.8835,140.5238,Japan,JP,Chiba,,74469,74469
Miki,34.7969,134.9902,Japan,JP,Hyōgo,,74255,74255
Izumiōtsu,34.5043,135.4104,Japan,JP,Ōsaka,,74175,74175
Okegawa,36.0028,139.5585,Japan,JP,Saitama,,74115,74115
Tatebayashi,36.2448,139.5421,Japan,JP,Gunma,,73991,73991
Kyōtanabe,34.8144,135.7677,Japan,JP,Kyōto,,73985,73985
Tatsunochō-tominaga,34.8579,134.5454,Japan,JP,Hyōgo,,73952,73952
Yurihonjō,39.3859,140.0488,Japan,JP,Akita,,73840,73840
Kasama,36.3452,140.3043,Japan,JP,Ibaraki,,73521,73521
Inuyama,35.3844,136.9391,Japan,JP,Gifu,,73420,73420
Ōtawara,36.8711,140.0155,Japan,JP,Tochigi,,73189,73189
Shibukawa,36.4895,139.0004,Japan,JP,Gunma,,73064,73064
Hekinan,34.8847,136.9934,Japan,JP,Aichi,,72480,72480
Dazaifu,33.5129,130.5238,Japan,JP,Fukuoka,,72430,72430
Yukuhashi,33.7287,130.9830,Japan,JP,Fukuoka,,72376,72376
Yoshikawa,35.8958,139.8556,Japan,JP,Saitama,,72139,72139
Chiryū,35.0013,137.0508,Japan,JP,Aichi,,71907,71907
Ishioka,36.1908,140.2872,Japan,JP,Ibaraki,,71851,71851
Musashimurayama,35.7548,139.3874,Japan,JP,Tōkyō,,71183,71183
Yawata-shimizui,34.8756,135.7076,Japan,JP,Kyōto,,70373,70373
Eniwa,42.8826,141.5778,Japan,JP,Hokkaidō,,70102,70102
Tsurugashima,35.9358,139.3944,Japan,JP,Saitama,,70067,70067
Kiyosu,35.2168,136.8369,Japan,JP,Aichi,,69687,69687
Minami-Alps,35.6083,138.4650,Japan,JP,Yamanashi,,69642,69642
Uwajima,33.2233,132.5606,Japan,JP,Ehime,,69639,69639
Rittō,35.0216,135.9980,Japan,JP,Shiga,,69598,69598
Sōja,34.6761,133.7463,Japan,JP,Okayama,,69428,69428
Toyoake,35.0536,137.0128,Japan,JP,Aichi,,69389,69389
Anan,33.9218,134.6595,Japan,JP,Tokushima,,69259,69259
Moriya,35.9514,139.9754,Japan,JP,Ibaraki,,68992,68992
Tanabe,33.7280,135.3777,Japan,JP,Wakayama,,68986,68986
Sabae,35.9565,136.1843,Japan,JP,Fukui,,68666,68666
Ōdate,40.2714,140.5644,Japan,JP,Akita,,67865,67865
Kashiwara,34.5793,135.6286,Japan,JP,Ōsaka,,67757,67757
Fuefuki,35.6473,138.6397,Japan,JP,Yamanashi,,67396,67396
Shiojiri,36.1000,137.9667,Japan,JP,Nagano,,67240,67240
Chiyoda-ku,35.6939,139.7536,Japan,JP,Tōkyō,,67036,67036
Kashima,35.9656,140.6448,Japan,JP,Ibaraki,,67001,67001
Saiki,32.8861,131.7761,Japan,JP,Ōita,,66497,66497
Yachimata,35.6659,140.3179,Japan,JP,Chiba,,66430,66430
Hashima,35.3199,136.7033,Japan,JP,Gifu,,66312,66312
Tsuruga,35.6478,136.0644,Japan,JP,Fukui,,66123,66123
Fukutsu,33.7668,130.4911,Japan,JP,Fukuoka,,65770,65770
Ina,35.8275,137.9540,Japan,JP,Nagano,,65670,65670
Kitamoto,36.0269,139.5302,Japan,JP,Saitama,,65191,65191
Tomigusuku,26.1772,127.6813,Japan,JP,Okinawa,,64850,64850
Fujioka,36.2585,139.0746,Japan,JP,Gunma,,64539,64539
Yanagawa,33.1631,130.4058,Japan,JP,Fukuoka,,64120,64120
Sodegaura,35.4300,139.9544,Japan,JP,Chiba,,63975,63975
Tenri,34.5967,135.8372,Japan,JP,Nara,,63760,63760
Kurihara,38.7301,141.0215,Japan,JP,Miyagi,,63689,63689
Asahi,35.7344,140.6556,Japan,JP,Chiba,,63507,63507
Fujiidera,34.5742,135.5975,Japan,JP,Ōsaka,,63338,63338
Nago,26.5916,127.9776,Japan,JP,Okinawa,,63060,63060
Kaga,36.3028,136.3150,Japan,JP,Ishikawa,,62997,62997
Miyoshi,35.0894,137.0748,Japan,JP,Aichi,,62963,62963
Tamana,32.9461,130.5763,Japan,JP,Kumamoto,,62784,62784
Nagakute,35.1841,137.0487,Japan,JP,Aichi,,62473,62473
Tendō,38.3621,140.3784,Japan,JP,Yamagata,,61981,61981
Tagajō,38.2938,141.0043,Japan,JP,Miyagi,,61937,61937
Mitoyo,34.1826,133.7151,Japan,JP,Kagawa,,61838,61838
Hita,33.3213,130.9411,Japan,JP,Ōita,,61755,61755
Shiroi,35.7915,140.0563,Japan,JP,Chiba,,61673,61673
Hasuda,35.9945,139.6624,Japan,JP,Saitama,,61473,61473
Hashimoto,34.3149,135.6052,Japan,JP,Wakayama,,61063,61063
Aisai,35.1528,136.7282,Japan,JP,Aichi,,60914,60914
Tsushima,35.1771,136.7413,Japan,JP,Aichi,,60908,60908
Itoman,26.1235,127.6658,Japan,JP,Okinawa,,60903,60903
Tamba,35.1771,135.0359,Japan,JP,Hyōgo,,60824,60824
Yamatotakada,34.5151,135.7365,Japan,JP,Nara,,60791,60791
Kokawa,34.2700,135.4080,Japan,JP,Wakayama,,60592,60592
Yame,33.2120,130.5579,Japan,JP,Fukuoka,,60196,60196
Towada,40.6127,141.2059,Japan,JP,Aomori,,60063,60063
Sanyō-Onoda,34.0032,131.1818,Japan,JP,Yamaguchi,,59648,59648
Sennan,34.3659,135.2734,Japan,JP,Ōsaka,,59634,59634
Date,37.8201,140.5083,Japan,JP,Fukushima,,59625,59625
Shimotsuke,36.3949,139.8518,Japan,JP,Tochigi,,59404,59404
Shirakawa,37.1264,140.2109,Japan,JP,Fukushima,,59393,59393
Koga,33.7287,130.4700,Japan,JP,Fukuoka,,59349,59349
Kesennuma,38.9081,141.5699,Japan,JP,Miyagi,,59341,59341
Hyūga,32.4229,131.6239,Japan,JP,Miyazaki,,59276,59276
Chichibu,35.9597,138.9333,Japan,JP,Saitama,,59101,59101
Tahara,34.6688,137.2642,Japan,JP,Aichi,,59015,59015
Chikuma,36.5307,138.1149,Japan,JP,Nagano,,58755,58755
Sayama,34.5169,135.5630,Japan,JP,Ōsaka,,58593,58593
Ogōri,33.3964,130.5556,Japan,JP,Fukuoka,,58322,58322
Murakami,38.2240,139.4800,Japan,JP,Niigata,,58300,58300
Ishikari,43.1714,141.3155,Japan,JP,Hokkaidō,,58284,58284
Kitahiroshima,42.9855,141.5631,Japan,JP,Hokkaidō,,58125,58125
Kan’onjichō,34.1268,133.6535,Japan,JP,Kagawa,,57921,57921
Kosai,34.7184,137.5316,Japan,JP,Shizuoka,,57682,57682
Tōgane,35.5599,140.3661,Japan,JP,Chiba,,57560,57560
Tokoname,34.8892,136.8531,Japan,JP,Aichi,,57507,57507
Uki,32.6478,130.6843,Japan,JP,Kumamoto,,57096,57096
Nonoichi,36.5194,136.6098,Japan,JP,Ishikawa,,57090,57090
Minokamo,35.4402,137.0157,Japan,JP,Gifu,,57007,57007
Zushi,35.2956,139.5803,Japan,JP,Kanagawa,,56996,56996
Fussa,35.7386,139.3268,Japan,JP,Tōkyō,,56786,56786
Kudamatsu,34.0150,131.8703,Japan,JP,Yamaguchi,,56661,56661
Tama,34.4919,133.9460,Japan,JP,Okayama,,56431,56431
Mukōchō,34.9487,135.6983,Japan,JP,Kyōto,,56152,56152
Mizuho,35.3918,136.6909,Japan,JP,Gifu,,56106,56106
Takizawa,39.7347,141.0771,Japan,JP,Iwate,,56050,56050
Takaishi,34.5207,135.4424,Japan,JP,Ōsaka,,55910,55910
Nōgata,33.7441,130.7297,Japan,JP,Fukuoka,,55705,55705
Toki,35.3525,137.1832,Japan,JP,Gifu,,55388,55388
Shijōnawate,34.7399,135.6395,Japan,JP,Ōsaka,,55094,55094
Chino,35.9955,138.1588,Japan,JP,Nagano,,55018,55018
Narutochō-mitsuishi,34.2039,134.5961,Japan,JP,Tokushima,,54989,54989
Minamiuonuma,37.0655,138.8761,Japan,JP,Niigata,,54820,54820
Hidaka,35.9078,139.3391,Japan,JP,Saitama,,54728,54728
Annaka,36.3408,138.7764,Japan,JP,Gunma,,54607,54607
Choshi,35.7346,140.8268,Japan,JP,Chiba,,54570,54570
Nihonmatsu,37.5849,140.4312,Japan,JP,Fukushima,,54447,54447
Konan,35.0041,136.0847,Japan,JP,Shiga,,54392,54392
Sakurai,34.5187,135.8432,Japan,JP,Nara,,54346,54346
Sado,38.0444,138.3897,Japan,JP,Niigata,,54304,54304
Hamura,35.7672,139.3109,Japan,JP,Saitama,,53970,53970
Funato,34.2563,135.3113,Japan,JP,Wakayama,,53714,53714
Mutsu,41.2928,141.1836,Japan,JP,Aomori,,53393,53393
Tōkamachi,37.1421,138.7571,Japan,JP,Niigata,,53333,53333
Naka,36.4574,140.4868,Japan,JP,Ibaraki,,53035,53035
Usa,33.5320,131.3495,Japan,JP,Ōita,,52767,52767
Hanyū,36.1725,139.5485,Japan,JP,Saitama,,52740,52740
Minami-Sōma,37.6422,140.9573,Japan,JP,Fukushima,,52619,52619
Miyakojima,24.7901,125.2949,Japan,JP,Okinawa,,52390,52390
Shiraoka,36.0191,139.6769,Japan,JP,Saitama,,52103,52103
Shiogama,38.3144,141.0220,Japan,JP,Miyagi,,51999,51999
Imarichō-kō,33.2647,129.8807,Japan,JP,Saga,,51875,51875
Tomiya,38.4000,140.8953,Japan,JP,Miyagi,,51859,51859
Bandō,36.0484,139.8887,Japan,JP,Ibaraki,,51511,51511
Izumi,32.0905,130.3526,Japan,JP,Kagoshima,,51450,51450
Tsukubamirai,35.9631,140.0370,Japan,JP,Ibaraki,,51134,51134
Fuchū,34.3926,132.5045,Japan,JP,Hiroshima,,51096,51096
Kyōtango,35.6241,135.0609,Japan,JP,Kyōto,,50857,50857
Miyako,39.6397,141.9461,Japan,JP,Iwate,,50855,50855
Goshogawara,40.8077,140.4461,Japan,JP,Aomori,,50757,50757
Sakaidechō,34.3164,133.8605,Japan,JP,Kagawa,,50577,50577
Arao,32.9867,130.4332,Japan,JP,Kumamoto,,50570,50570
Nichinan,31.6019,131.3787,Japan,JP,Miyazaki,,50518,50518
Susono,35.1739,138.9068,Japan,JP,Shizuoka,,50510,50510
Yūki,36.2897,139.8715,Japan,JP,Ibaraki,,50218,50218
Nakagawa,33.4996,130.4222,Japan,JP,Fukuoka,,50201,50201
Hamada,34.8993,132.0799,Japan,JP,Shimane,,50176,50176
Yasu,35.0675,136.0258,Japan,JP,Shiga,,50049,50049
Miyoshi,34.8057,132.8518,Japan,JP,Hiroshima,,50046,50046
Satte,36.0781,139.7259,Japan,JP,Saitama,,49961,49961
Hannan,34.3596,135.2397,Japan,JP,Ōsaka,,49794,49794
Nanao,37.0431,136.9673,Japan,JP,Ishikawa,,49660,49660
Noshiromachi,40.2118,140.0271,Japan,JP,Akita,,49625,49625
Tomisato,35.7268,140.3429,Japan,JP,Chiba,,49470,49470
Kameyama,34.8558,136.4516,Japan,JP,Mie,,49457,49457
Suzaka,36.6511,138.3073,Japan,JP,Nagano,,49393,49393
Asakura,33.4234,130.6655,Japan,JP,Fukuoka,,49254,49254
Midori,36.3948,139.2811,Japan,JP,Gunma,,49190,49190
Hikari,33.9619,131.9423,Japan,JP,Yamaguchi,,49100,49100
Suwa,36.0392,138.1140,Japan,JP,Nagano,,48972,48972
Nomimachi,36.4470,136.5541,Japan,JP,Ishikawa,,48860,48860
Shimotsuchō-kominami,34.1257,135.1722,Japan,JP,Wakayama,,48811,48811
Chikugo,33.2122,130.5021,Japan,JP,Fukuoka,,48794,48794
Takahama,34.9276,136.9877,Japan,JP,Aichi,,48685,48685
Omitama,36.2393,140.3526,Japan,JP,Ibaraki,,48555,48555
Suzukawa,35.3730,139.3839,Japan,JP,Kanagawa,,48532,48532
Ishigaki,24.3445,124.1852,Japan,JP,Okinawa,,48258,48258
Sanmu,35.6029,140.4135,Japan,JP,Chiba,,48196,48196
Yamaga,33.0167,130.6913,Japan,JP,Kumamoto,,48181,48181
Ena,35.4492,137.4128,Japan,JP,Gifu,,47999,47999
Kasuya,33.6108,130.4806,Japan,JP,Fukuoka,,47981,47981
Iwakura,35.2794,136.8714,Japan,JP,Aichi,,47975,47975
Higashine,38.4313,140.3911,Japan,JP,Yamagata,,47747,47747
Ōamishirasato,35.5217,140.3210,Japan,JP,Chiba,,47722,47722
Tonami,36.6475,136.9621,Japan,JP,Toyama,,47638,47638
Ono,34.8487,134.9342,Japan,JP,Hyōgo,,47609,47609
Hitachi-ota,36.5383,140.5309,Japan,JP,Ibaraki,,47586,47586
Okaya,36.0671,138.0493,Japan,JP,Nagano,,47499,47499
Nanto,36.5574,136.8755,Japan,JP,Toyama,,47390,47390
Gosen,37.7444,139.1826,Japan,JP,Niigata,,47262,47262
Kikugawa,34.7578,138.0848,Japan,JP,Shizuoka,,47194,47194
Takeochō-takeo,33.1938,130.0191,Japan,JP,Saga,,47136,47136
Tomioka,36.2599,138.8899,Japan,JP,Gunma,,46928,46928
Noboribetsu,42.4656,141.0758,Japan,JP,Hokkaidō,,46838,46838
Sanuki,34.3253,134.1721,Japan,JP,Kagawa,,46723,46723
Hioki,31.6337,130.4024,Japan,JP,Kagoshima,,46671,46671
Fujiyoshida,35.4875,138.8077,Japan,JP,Yamanashi,,46659,46659
Nakai,33.5757,133.6415,Japan,JP,Kōchi,,46567,46567
Kurayoshi,35.4301,133.8255,Japan,JP,Tottori,,46269,46269
Takashima,35.3530,136.0357,Japan,JP,Shiga,,46246,46246
Izunokuni,35.0277,138.9289,Japan,JP,Shizuoka,,46212,46212
Kasaoka,34.5071,133.5074,Japan,JP,Okayama,,46080,46080
Kikuchi,32.9794,130.8133,Japan,JP,Kumamoto,,45971,45971
Tamagawa,33.6389,130.8061,Japan,JP,Fukuoka,,45946,45946
Hokota,36.1587,140.5164,Japan,JP,Ibaraki,,45910,45910
Shima,34.3282,136.8297,Japan,JP,Mie,,45834,45834
Kariya,34.7550,134.3904,Japan,JP,Hyōgo,,45747,45747
Hokuto,41.8241,140.6530,Japan,JP,Hokkaidō,,45661,45661
Kitakata,37.6511,139.8748,Japan,JP,Fukushima,,45590,45590
Numata,36.6439,139.0428,Japan,JP,Gunma,,45132,45132
Inuma,36.0001,139.6242,Japan,JP,Saitama,,45065,45065
Sakura,36.6853,139.9664,Japan,JP,Tochigi,,44777,44777
Masuda,34.6748,131.8428,Japan,JP,Shimane,,44474,44474
Iwanuma,38.1043,140.8702,Japan,JP,Miyagi,,44340,44340
Nanjō,26.1633,127.7706,Japan,JP,Okinawa,,44318,44318
Ogimachi,33.2940,130.1990,Japan,JP,Saga,,44120,44120
Hagi,34.4081,131.3992,Japan,JP,Yamaguchi,,44118,44118
Goshikichō-aihara-minamidani,34.2944,134.7798,Japan,JP,Hyōgo,,43914,43914
Himi,36.8559,136.9730,Japan,JP,Toyama,,43747,43747
Shinshiro,34.8989,137.4977,Japan,JP,Aichi,,43620,43620
Kumatori,34.4014,135.3558,Japan,JP,Ōsaka,,43570,43570
Hokuto,35.7765,138.4236,Japan,JP,Yamanashi,,43452,43452
Inabe,35.1157,136.5614,Japan,JP,Mie,,43114,43114
Kobayashi,31.9967,130.9726,Japan,JP,Miyazaki,,43114,43114
Makinohara,34.7400,138.2246,Japan,JP,Shizuoka,,43061,43061
Yatomi,35.1100,136.7247,Japan,JP,Aichi,,43038,43038
Shimabara,32.7881,130.3702,Japan,JP,Nagasaki,,42858,42858
Nakano,36.7420,138.3695,Japan,JP,Nagano,,42664,42664
Awaji,34.4397,134.9149,Japan,JP,Hyōgo,,42597,42597
Akaiwa,34.7554,134.0188,Japan,JP,Okayama,,42341,42341
Kasai,34.9278,134.8419,Japan,JP,Hyōgo,,42290,42290
Futtsu,35.3041,139.8570,Japan,JP,Chiba,,42280,42280
Maniwa,35.0756,133.7527,Japan,JP,Okayama,,42259,42259
Uozu,36.8194,137.3977,Japan,JP,Toyama,,42224,42224
Minamishimabara,32.6598,130.2978,Japan,JP,Nagasaki,,41903,41903
Miura,35.1442,139.6207,Japan,JP,Kanagawa,,41807,41807
Ōizumi,36.2478,139.4049,Japan,JP,Gunma,,41681,41681
Yuzawa,39.1644,140.4958,Japan,JP,Akita,,41601,41601
Shimotsuma,36.1844,139.9684,Japan,JP,Ibaraki,,41499,41499
Kitaibaraki,36.8019,140.7510,Japan,JP,Ibaraki,,41352,41352
Komoro,36.3392,138.4350,Japan,JP,Nagano,,41066,41066
Sumoto,34.3425,134.8956,Japan,JP,Hyōgo,,41056,41056
Amami,28.3456,129.5022,Japan,JP,Okinawa,,41049,41049
Unzen,32.8352,130.1875,Japan,JP,Nagasaki,,41018,41018
Nanbei,35.3702,139.2260,Japan,JP,Kanagawa,,40947,40947
Katō,34.9186,134.9734,Japan,JP,Hyōgo,,40728,40728
Tamba-Sasayama,35.0757,135.2192,Japan,JP,Hyōgo,,40708,40708
Agano,37.8344,139.2260,Japan,JP,Niigata,,40382,40382
Itoigawa,37.0390,137.8627,Japan,JP,Niigata,,40200,40200
Kasumigaura,36.1517,140.2371,Japan,JP,Ibaraki,,39993,39993
Sagae,38.3809,140.2760,Japan,JP,Yamagata,,39854,39854
Kurobeshin,36.8714,137.4478,Japan,JP,Toyama,,39718,39718
Nakama,33.8208,130.7086,Japan,JP,Fukuoka,,39634,39634
Takikawa,43.5578,141.9104,Japan,JP,Hokkaidō,,39266,39266
Mitsuke,37.5316,138.9127,Japan,JP,Niigata,,39024,39024
Higashimatsushima,38.4264,141.2111,Japan,JP,Miyagi,,38880,38880
Inashiki,35.9565,140.3239,Japan,JP,Ibaraki,,38853,38853
Hitachiomiya,36.5425,140.4109,Japan,JP,Ibaraki,,38836,38836
Gujō,35.7486,136.9643,Japan,JP,Gifu,,38747,38747
Yoshinogawa,34.0663,134.3586,Japan,JP,Tokushima,,38726,38726
Sakuragawa,36.3273,140.0906,Japan,JP,Ibaraki,,38677,38677
Ibusuki,31.2528,130.6331,Japan,JP,Kagoshima,,38571,38571
Nishiwaki,34.9829,134.9795,Japan,JP,Hyōgo,,38479,38479
Miyoshidai,35.8284,139.5265,Japan,JP,Saitama,,38361,38361
Misawa,40.6831,141.3691,Japan,JP,Aomori,,38351,38351
Maibara,35.3154,136.2840,Japan,JP,Shiga,,38259,38259
Ibara,34.5977,133.4638,Japan,JP,Okayama,,38236,38236
Mizunami,35.3678,137.2537,Japan,JP,Gifu,,37705,37705
Katsuragi,34.4892,135.7264,Japan,JP,Nara,,37225,37225
Kanie,35.1322,136.7868,Japan,JP,Aichi,,36782,36782
Yasugichō,35.4314,133.2509,Japan,JP,Shimane,,36713,36713
Fuchūchō,34.5734,133.2314,Japan,JP,Hiroshima,,36326,36326
Komatsushimachō,34.0049,134.5906,Japan,JP,Tokushima,,36123,36123
Uto,32.6880,130.6598,Japan,JP,Kumamoto,,35947,35947
Usuki,33.1261,131.8053,Japan,JP,Ōita,,35681,35681
Sōsa,35.7223,140.5490,Japan,JP,Chiba,,35674,35674
Miyajima,33.1524,130.4748,Japan,JP,Kumamoto,,35665,35665
Awa,34.0824,134.2358,Japan,JP,Tokushima,,35631,35631
Setouchi,34.6649,134.0928,Japan,JP,Okayama,,35624,35624
Isumi,35.2539,140.3852,Japan,JP,Chiba,,35570,35570
Unnan,35.3077,132.9003,Japan,JP,Shimane,,35366,35366
Aizumi,34.1266,134.4951,Japan,JP,Tokushima,,35269,35269
Kamata,33.5984,130.7194,Japan,JP,Fukuoka,,35208,35208
Kaizu,35.2205,136.6366,Japan,JP,Gifu,,34960,34960
Kahoku,36.7198,136.7067,Japan,JP,Ishikawa,,34936,34936
Iyo,33.7574,132.7037,Japan,JP,Ehime,,34927,34927
Tamura,37.4406,140.5762,Japan,JP,Fukushima,,34921,34921
Seiyo,33.3626,132.5109,Japan,JP,Ehime,,34898,34898
Sōma,37.7967,140.9196,Japan,JP,Fukushima,,34645,34645
Abashiri,44.0206,144.2736,Japan,JP,Hokkaidō,,34640,34640
Ofunato,39.0819,141.7089,Japan,JP,Iwate,,34558,34558
Nishihara,26.2536,127.7436,Japan,JP,Okinawa,,34463,34463
Motosu,35.4831,136.6788,Japan,JP,Gifu,,34453,34453
Gotō,32.6956,128.8408,Japan,JP,Nagasaki,,34425,34425
Kuji,40.1905,141.7756,Japan,JP,Iwate,,34418,34418
Shinjō,38.7650,140.3016,Japan,JP,Yamagata,,34284,34284
Fusō,35.3591,136.9132,Japan,JP,Aichi,,34268,34268
Atami,35.0960,139.0716,Japan,JP,Shizuoka,,34233,34233
Tōon,33.7910,132.8722,Japan,JP,Ehime,,34195,34195
Shisō,35.0044,134.5494,Japan,JP,Hyōgo,,34116,34116
Uonuma,37.2364,138.9638,Japan,JP,Niigata,,34112,34112
Minamishiro,36.0227,139.7227,Japan,JP,Saitama,,34012,34012
Harima,34.7152,134.8681,Japan,JP,Hyōgo,,33822,33822
Ojiya,37.3144,138.7951,Japan,JP,Niigata,,33729,33729
Date,42.4719,140.8647,Japan,JP,Hokkaidō,,33404,33404
Asakuchi,34.5279,133.5849,Japan,JP,Okayama,,33382,33382
Shiroishi,38.0025,140.6199,Japan,JP,Miyagi,,33330,33330
Minamikyūshū,31.3783,130.4417,Japan,JP,Kagoshima,,33115,33115
Bungoōno,32.9775,131.5842,Japan,JP,Ōita,,33066,33066
Kamaishi,39.2758,141.8857,Japan,JP,Iwate,,33061,33061
Wakabadai,45.3325,141.8283,Japan,JP,Hokkaidō,,33036,33036
Yamanashi,35.6934,138.6869,Japan,JP,Yamanashi,,32925,32925
Yufu,33.1801,131.4268,Japan,JP,Ōita,,32698,32698
Ōharu,35.1751,136.8201,Japan,JP,Aichi,,32590,32590
Shimanto,32.9913,132.9337,Japan,JP,Kōchi,,32551,32551
Minamisatsuma,31.4166,130.3234,Japan,JP,Kagoshima,,32503,32503
Omaezaki,34.6135,138.2114,Japan,JP,Shizuoka,,32422,32422
Shōbara,34.8578,133.0173,Japan,JP,Hiroshima,,32343,32343
Namerikawa,36.7644,137.3412,Japan,JP,Toyama,,32317,32317
Nagato,34.3705,131.1826,Japan,JP,Yamaguchi,,32183,32183
Kōnan,33.5642,133.7005,Japan,JP,Kōchi,,32123,32123
Odamachi,35.1921,132.4994,Japan,JP,Shimane,,32102,32102
Bizen,34.7451,134.1881,Japan,JP,Okayama,,32019,32019
Sakaiminato,35.5432,133.2320,Japan,JP,Shimane,,32012,32012
Namegata,35.9905,140.4890,Japan,JP,Ibaraki,,31828,31828
Komagane,35.7278,137.9478,Japan,JP,Nagano,,31763,31763
Maebara,35.1140,140.0988,Japan,JP,Chiba,,31722,31722
Zentsujichó,34.2285,133.7871,Japan,JP,Kagawa,,31620,31620
Kuroishi,40.6426,140.5946,Japan,JP,Aomori,,31604,31604
Katagami,39.8573,140.0130,Japan,JP,Akita,,31558,31558
Ayabe,35.2989,135.2588,Japan,JP,Kyōto,,31537,31537
Yawatahama-shi,33.4629,132.4233,Japan,JP,Ehime,minor,31385,31385
Hitoyoshi,32.2100,130.7625,Japan,JP,Kumamoto,,31332,31332
Shimotoba,34.8838,135.6630,Japan,JP,Kyōto,,31292,31292
Yaita,36.8067,139.9241,Japan,JP,Tochigi,,31145,31145
Nantan,35.1074,135.4703,Japan,JP,Kyōto,,31075,31075
Tsuruno,40.8700,140.3497,Japan,JP,Aomori,,30760,30760
Yunoshima,35.8059,137.2441,Japan,JP,Gifu,,30641,30641
Yanai,33.9639,132.1016,Japan,JP,Yamaguchi,,30461,30461
Ono,35.9797,136.4875,Japan,JP,Fukui,,30449,30449
Motomiya,37.5132,140.3939,Japan,JP,Fukushima,,30401,30401
Kanzakimachi-kanzaki,33.3107,130.3731,Japan,JP,Saga,,30329,30329
Hirakawachō,40.5841,140.5665,Japan,JP,Aomori,,30326,30326
Nanyō,38.0551,140.1484,Japan,JP,Yamagata,,30235,30235
Tsuru,35.5515,138.9054,Japan,JP,Yamanashi,,30193,30193
Kaminoyama,38.1496,140.2678,Japan,JP,Yamagata,,29974,29974
Kaita,34.3722,132.5360,Japan,JP,Hiroshima,,29793,29793
Kitaakita,40.2260,140.3707,Japan,JP,Akita,,29696,29696
Shibushi,31.4772,131.0999,Japan,JP,Kagoshima,,29267,29267
Tōmi,36.3594,138.3304,Japan,JP,Nagano,,29213,29213
Hanawa,40.2158,140.7885,Japan,JP,Akita,,28929,28929
Takahashi,34.7910,133.6168,Japan,JP,Okayama,,28825,28825
Hirado,33.3681,129.5537,Japan,JP,Nagasaki,minor,28822,28822
Asago,35.3398,134.8531,Japan,JP,Hyōgo,,28802,28802
Oyabe,36.6755,136.8687,Japan,JP,Toyama,,28634,28634
Saito,32.1085,131.4014,Japan,JP,Miyazaki,,28618,28618
Izu,34.9765,138.9468,Japan,JP,Shizuoka,,28493,28493
Tsushima,34.2028,129.2875,Japan,JP,Nagasaki,,28456,28456
Aioi,34.8036,134.4681,Japan,JP,Hyōgo,,28350,28350
Higashikagawa,34.2438,134.3589,Japan,JP,Kagawa,,28305,28305
Chatan,26.3200,127.7639,Japan,JP,Okinawa,,28167,28167
Nirasaki,35.7088,138.4462,Japan,JP,Yamanashi,,28150,28150
Obama,35.4956,135.7466,Japan,JP,Fukui,,28142,28142
Mima,34.0533,134.1698,Japan,JP,Tokushima,,28087,28087
Tainai,38.0597,139.4103,Japan,JP,Niigata,,28004,28004
Kakuda,37.9770,140.7821,Japan,JP,Miyagi,,27848,27848
Mizumaki,33.8548,130.6950,Japan,JP,Fukuoka,,27822,27822
Ōuda-yamaguchi,34.5280,135.9522,Japan,JP,Nara,,27747,27747
Kashima,33.1038,130.0986,Japan,JP,Saga,,27710,27710
Kitsuki,33.4170,131.6161,Japan,JP,Ōita,,27668,27668
Ninomiya,35.2995,139.2555,Japan,JP,Kanagawa,,27536,27536
Niimi,34.9770,133.4703,Japan,JP,Okayama,,27526,27526
Takahagi,36.7187,140.7168,Japan,JP,Ibaraki,,27522,27522
Shingū,33.7242,135.9925,Japan,JP,Mie,,27491,27491
Ukiha,33.3474,130.7550,Japan,JP,Fukuoka,,27474,27474
Itako,35.9471,140.5554,Japan,JP,Ibaraki,,27373,27373
Akitakata,34.6662,132.7043,Japan,JP,Hiroshima,,27249,27249
Nemuro,43.3300,145.5829,Japan,JP,Hokkaidō,,27109,27109
Ichikikushikino,31.7146,130.2719,Japan,JP,Kagoshima,,27080,27080
Nayoro,44.3559,142.4632,Japan,JP,Hokkaidō,,27062,27062
Gojō,34.3521,135.6935,Japan,JP,Nara,,26998,26998
Miyanaga,33.7237,130.6674,Japan,JP,Fukuoka,,26690,26690
Tōno,39.3277,141.5335,Japan,JP,Iwate,,26110,26110
Awara,36.2239,136.2039,Japan,JP,Fukui,,26024,26024
Kamo,37.6663,139.0402,Japan,JP,Niigata,,25971,25971
Ōtake,34.2144,132.2192,Japan,JP,Hiroshima,,25955,25955
Ōmachi,36.5030,137.8511,Japan,JP,Nagano,,25883,25883
Nagai,38.1075,140.0405,Japan,JP,Yamagata,,25836,25836
Kunisakimachi-tsurugawa,33.5633,131.7322,Japan,JP,Ōita,,25790,25790
Ginan,35.3896,136.7825,Japan,JP,Gifu,,25752,25752
Arida,34.0830,135.1277,Japan,JP,Wakayama,,25737,25737
Tosa,33.4961,133.4254,Japan,JP,Kōchi,,25665,25665
Kami,33.5705,133.7416,Japan,JP,Kōchi,,25562,25562
Mimasaka,35.0086,134.1486,Japan,JP,Okayama,,25497,25497
Yamagata,35.5061,136.7814,Japan,JP,Gifu,,25325,25325
Saikaichō-kobagō,33.0651,129.6891,Japan,JP,Nagasaki,,25184,25184
Ninohe,40.2713,141.3048,Japan,JP,Iwate,,25083,25083
